{"run":{"seed":{"seed":0},"shots":1024,"steps":200,"resampling":{"resample":true,"epsilon":0.1,"hamiltonians":2,"split_shots":true},"optimizer":{"alpha":0.01,"beta_1":0.9,"beta_2":0.999,"epsilon":1e-8},"problem":{"redundancy_matrix":[[1.4919407,-1.54747139],[-0.81812471,1.14588248]],"response_vector":[0.763265,0.3836877],"k_real":2,"k_fake":2,"k_redundant":2,"samples":1024,"betas":0.5,"gamma":0.5,"alpha":0.5}},"run_number":0,"log_file":"data/feature_selection/adam/multiple_resample/0.json","steps":200,"iterations":[{"cost":-0.1488049328327179,"gradient_norm":2.0830984115600586,"step_norm":0.04582574963569641,"shots_per_hamiltonian":256,"samples":4,"params":[1.0660825967788696,-0.15668289363384247,-0.2978626787662506,-0.4132174849510193,-0.8215942978858948,-0.8440930247306824,-0.08356504142284393,-1.5235035419464111,0.4123021066188812,-0.04933629930019379,1.2401082515716553,0.32512712478637695,-1.2085968255996704,-0.9133322834968567,-0.7120485305786133,0.15902259945869446,0.7012040615081787,-1.0430147647857666,1.0546075105667114,-1.0807273387908936,0.033965494483709335]},{"cost":-0.19996556639671326,"gradient_norm":1.720314621925354,"step_norm":0.04209664836525917,"shots_per_hamiltonian":256,"samples":4,"params":[1.059937834739685,-0.1487288922071457,-0.3078136742115021,-0.40328389406204224,-0.8309381604194641,-0.8530834317207336,-0.09275292605161667,-1.5333032608032227,0.4024621248245239,-0.05934882536530495,1.230128526687622,0.3174440562725067,-1.1991665363311768,-0.9233446717262268,-0.7188454270362854,0.14980019629001617,0.7111755013465881,-1.052813172340393,1.0446231365203857,-1.0886186361312866,0.024410944432020187]},{"cost":-0.3940648138523102,"gradient_norm":1.9780603647232056,"step_norm":0.03994661942124367,"shots_per_hamiltonian":256,"samples":4,"params":[1.052253246307373,-0.14022061228752136,-0.31781211495399475,-0.393303245306015,-0.8405570983886719,-0.8623102307319641,-0.09603514522314072,-1.5432052612304688,0.3975774049758911,-0.0693289116024971,1.2201125621795654,0.3087780177593231,-1.1967298984527588,-0.9329595565795898,-0.7269565463066101,0.1406027376651764,0.7210202813148499,-1.0615652799606323,1.0347552299499512,-1.0972167253494263,0.01515053492039442]},{"cost":-0.411715030670166,"gradient_norm":2.0208284854888916,"step_norm":0.039362937211990356,"shots_per_hamiltonian":256,"samples":4,"params":[1.0438481569290161,-0.13189998269081116,-0.32781144976615906,-0.3832748234272003,-0.8503473997116089,-0.8716750741004944,-0.10243566334247589,-1.5531833171844482,0.39150384068489075,-0.07930779457092285,1.2105201482772827,0.29969286918640137,-1.1943199634552002,-0.9415931701660156,-0.7285668253898621,0.1315365731716156,0.7306197285652161,-1.070784330368042,1.0252565145492554,-1.1043448448181152,0.005632425658404827]},{"cost":-0.39399129152297974,"gradient_norm":1.7618135213851929,"step_norm":0.038965266197919846,"shots_per_hamiltonian":204,"samples":5,"params":[1.0353267192840576,-0.12315323203802109,-0.33770549297332764,-0.37322378158569336,-0.8602238297462463,-0.8810741901397705,-0.10993143171072006,-1.5631719827651978,0.38410666584968567,-0.08926955610513687,1.2010968923568726,0.29059550166130066,-1.198752760887146,-0.950348436832428,-0.7284225225448608,0.12218905985355377,0.739933967590332,-1.0779553651809692,1.0161086320877075,-1.111337423324585,-0.00132686085999012]},{"cost":-0.5780832171440125,"gradient_norm":1.8816027641296387,"step_norm":0.03869413584470749,"shots_per_hamiltonian":170,"samples":6,"params":[1.0264976024627686,-0.1140424981713295,-0.3476409912109375,-0.3631161153316498,-0.870002806186676,-0.8904291987419128,-0.11804436892271042,-1.5726925134658813,0.3758814334869385,-0.09930752217769623,1.19185209274292,0.28253281116485596,-1.2039554119110107,-0.9595204591751099,-0.7279852628707886,0.11270196735858917,0.7485238909721375,-1.0853301286697388,1.0069334506988525,-1.117776870727539,-0.005984344054013491]},{"cost":-0.5366882681846619,"gradient_norm":1.853615164756775,"step_norm":0.03718126192688942,"shots_per_hamiltonian":170,"samples":6,"params":[1.0181714296340942,-0.1046147421002388,-0.35687485337257385,-0.35294005274772644,-0.8791921734809875,-0.8997644782066345,-0.11905115842819214,-1.5822408199310303,0.3673093914985657,-0.10941183567047119,1.1829174757003784,0.27461332082748413,-1.2094879150390625,-0.968799352645874,-0.7307023406028748,0.10316935181617737,0.7561896443367004,-1.0908784866333008,0.9978716969490051,-1.123634696006775,-0.011692801490426064]},{"cost":-0.5723088979721069,"gradient_norm":1.6575568914413452,"step_norm":0.03608132526278496,"shots_per_hamiltonian":146,"samples":7,"params":[1.0107722282409668,-0.09502393007278442,-0.36579352617263794,-0.34270790219306946,-0.8876920342445374,-0.9088016748428345,-0.11972717195749283,-1.5918142795562744,0.35864099860191345,-0.11899496614933014,1.1746203899383545,0.26703760027885437,-1.2160370349884033,-0.9781935214996338,-0.734942615032196,0.09342995285987854,0.7628483772277832,-1.095468521118164,0.9901626706123352,-1.12727689743042,-0.01873369701206684]},{"cost":-0.6110247373580933,"gradient_norm":1.613203763961792,"step_norm":0.03422760218381882,"shots_per_hamiltonian":146,"samples":7,"params":[1.0041991472244263,-0.0852268785238266,-0.3738516569137573,-0.3324483633041382,-0.8952510356903076,-0.9175089597702026,-0.12384939938783646,-1.6012191772460938,0.3508767783641815,-0.12833215296268463,1.1667519807815552,0.2612457573413849,-1.2234054803848267,-0.9878301024436951,-0.7357611060142517,0.08410092443227768,0.7685867547988892,-1.0979366302490234,0.9832562804222107,-1.1304620504379272,-0.025741014629602432]},{"cost":-0.6582538485527039,"gradient_norm":1.4836101531982422,"step_norm":0.031666599214076996,"shots_per_hamiltonian":128,"samples":8,"params":[0.9992358088493347,-0.07524940371513367,-0.3809216320514679,-0.32223042845726013,-0.9010710716247559,-0.9255666136741638,-0.1268722116947174,-1.6104308366775513,0.34492525458335876,-0.1377364844083786,1.1601159572601318,0.2563212811946869,-1.2311005592346191,-0.9974980354309082,-0.7372791171073914,0.07448107749223709,0.7728073000907898,-1.1009401082992554,0.9768059253692627,-1.1318718194961548,-0.03035624884068966]},{"cost":-0.6714212894439697,"gradient_norm":1.3174774646759033,"step_norm":0.029063185676932335,"shots_per_hamiltonian":128,"samples":8,"params":[0.9952377676963806,-0.06546320766210556,-0.38767027854919434,-0.31202563643455505,-0.9053357243537903,-0.9325655698776245,-0.13091211020946503,-1.6188095808029175,0.33903056383132935,-0.14631086587905884,1.1545947790145874,0.2545933425426483,-1.2372324466705322,-1.006460189819336,-0.7410632967948914,0.06511395424604416,0.7755316495895386,-1.1042779684066772,0.971183717250824,-1.1322894096374512,-0.03453578054904938]},{"cost":-0.7094062566757202,"gradient_norm":1.4521883726119995,"step_norm":0.02744288183748722,"shots_per_hamiltonian":128,"samples":8,"params":[0.9940652251243591,-0.0557279959321022,-0.3932661712169647,-0.3019532859325409,-0.9073317646980286,-0.938845157623291,-0.1368081122636795,-1.6267694234848022,0.33536797761917114,-0.15451937913894653,1.1512967348098755,0.25391826033592224,-1.2431467771530151,-1.0152063369750977,-0.7465351223945618,0.055423907935619354,0.7768714427947998,-1.106479287147522,0.9667250514030457,-1.1314733028411865,-0.03983008861541748]},{"cost":-0.6746910214424133,"gradient_norm":1.1750153303146362,"step_norm":0.026190636679530144,"shots_per_hamiltonian":113,"samples":9,"params":[0.9941062331199646,-0.046579569578170776,-0.3979625999927521,-0.29209238290786743,-0.9083034992218018,-0.9441895484924316,-0.14249590039253235,-1.6332690715789795,0.33398208022117615,-0.16257235407829285,1.1498068571090698,0.25505998730659485,-1.2495405673980713,-1.0238332748413086,-0.7531493306159973,0.045555226504802704,0.7769607305526733,-1.1082782745361328,0.9633411765098572,-1.1285189390182495,-0.04518696293234825]},{"cost":-0.7427390217781067,"gradient_norm":1.273927927017212,"step_norm":0.025670621544122696,"shots_per_hamiltonian":113,