{"run":{"seed":{"seed":0},"shots":1024,"steps":200,"resampling":{"resample":true,"epsilon":0.1,"hamiltonians":2,"split_shots":true},"optimizer":{"alpha":0.01,"beta_1":0.9,"beta_2":0.999,"epsilon":1e-8},"problem":{"redundancy_matrix":[[1.4919407,-1.54747139],[-0.81812471,1.14588248]],"response_vector":[0.763265,0.3836877],"k_real":2,"k_fake":2,"k_redundant":2,"samples":1024,"betas":0.5,"gamma":0.5,"alpha":0.5}},"run_number":0,"log_file":"data/feature_selection/adam/multiple_resample/0.json","steps":200,"iterations":[{"cost":-0.1488049328327179,"gradient_norm":2.0830984115600586,"step_norm":0.04582574963569641,"shots_per_hamiltonian":256,"samples":4,"params":[1.0660825967788696,-0.15668289363384247,-0.2978626787662506,-0.4132174849510193,-0.8215942978858948,-0.8440930247306824,-0.08356504142284393,-1.5235035419464111,0.4123021066188812,-0.04933629930019379,1.2401082515716553,0.32512712478637695,-1.2085968255996704,-0.9133322834968567,-0.7120485305786133,0.15902259945869446,0.7012040615081787,-1.0430147647857666,1.0546075105667114,-1.0807273387908936,0.033965494483709335]},{"cost":-0.19996556639671326,"gradient_norm":1.720314621925354,"step_norm":0.04209664836525917,"shots_per_hamiltonian":256,"samples":4,"params":[1.059937834739685,-0.1487288922071457,-0.3078136742115021,-0.40328389406204224,-0.8309381604194641,-0.8530834317207336,-0.09275292605161667,-1.5333032608032227,0.4024621248245239,-0.05934882536530495,1.230128526687622,0.3174440562725067,-1.1991665363311768,-0.9233446717262268,-0.7188454270362854,0.14980019629001617,0.7111755013465881,-1.052813172340393,1.0446231365203857,-1.0886186361312866,0.024410944432020187]},{"cost":-0.3940648138523102,"gradient_norm":1.9780603647232056,"step_norm":0.03994661942124367,"shots_per_hamiltonian":256,"samples":4,"params":[1.052253246307373,-0.14022061228752136,-0.31781211495399475,-0.393303245306015,-0.8405570983886719,-0.8623102307319641,-0.09603514522314072,-1.5432052612304688,0.3975774049758911,-0.0693289116024971,1.2201125621795654,0.3087780177593231,-1.1967298984527588,-0.9329595565795898,-0.7269565463066101,0.1406027376651764,0.7210202813148499,-1.0615652799606323,1.0347552299499512,-1.0972167253494263,0.01515053492039442]},{"cost":-0.411715030670166,"gradient_norm":2.0208284854888916,"step_norm":0.039362937211990356,"shots_per_hamiltonian":256,"samples":4,"params":[1.0438481569290161,-0.13189998269081116,-0.32781144976615906,-0.3832748234272003,-0.8503473997116089,-0.8716750741004944,-0.10243566334247589,-1.5531833171844482,0.39150384068489075,-0.07930779457092285,1.2105201482772827,0.29969286918640137,-1.1943199634552002,-0.9415931701660156,-0.7285668253898621,0.1315365731716156,0.7306197285652161,-1.070784330368042,1.0252565145492554,-1.1043448448181152,0.005632425658404827]}]}