{"run":{"seed":{"seed":1},"shots":1024,"steps":200,"resampling":{"resample":true,"epsilon":0.1,"hamiltonians":2,"split_shots":true},"optimizer":{"alpha":0.01,"beta_1":0.9,"beta_2":0.999,"epsilon":1e-8},"problem":{"redundancy_matrix":[[1.4919407,-1.54747139],[-0.81812471,1.14588248]],"response_vector":[0.763265,0.3836877],"k_real":2,"k_fake":2,"k_redundant":2,"samples":1024,"betas":0.5,"gamma":0.5,"alpha":0.5}},"run_number":1,"log_file":"data/feature_selection/adam/multiple_resample/1.json","steps":200,"iterations":[{"cost":-0.24531865119934082,"gradient_norm":2.204632520675659,"step_norm":0.04582575708627701,"shots_per_hamiltonian":256,"samples":4,"params":[1.0660825967788696,-0.17668288946151733,-0.2978626787662506,-0.4132174849510193,-0.8215942978858948,-0.8440930247306824,-0.08356504142284393,-1.5235035419464111,0.4123021066188812,-0.04933629930019379,1.2401082515716553,0.32512712478637695,-1.228596806526184,-0.9133322834968567,-0.7120485305786133,0.17902261018753052,0.7012040615081787,-1.0430147647857666,1.0546075105667114,-1.0807273387908936,0.033965494483709335]},{"cost":-0.2104421854019165,"gradient_norm":1.8088643550872803,"step_norm":0.04009325057268143,"shots_per_hamiltonian":256,"samples":4,"params":[1.061529517173767,-0.17160940170288086,-0.30772843956947327,-0.4032251834869385,-0.8305919170379639,-0.8540457487106323,-0.09303788840770721,-1.5325275659561157,0.40287521481513977,-0.059345588088035583,1.2301933765411377,0.31617623567581177,-1.222200632095337,-0.9231087565422058,-0.7095530033111572,0.1816965490579605,0.7109993100166321,-1.0530200004577637,1.0446217060089111,-1.0906898975372314,0.02395196072757244]},{"cost":-0.3181222081184387,"gradient_norm":1.9013128280639648,"step_norm":0.03977319225668907,"shots_per_hamiltonian":256,"samples":4,"params":[1.057327389717102,-0.1660977005958557,-0.31757012009620667,-0.39321646094322205,-0.8399676084518433,-0.8640452027320862,-0.10203160345554352,-1.5417029857635498,0.39333492517471313,-0.06903935223817825,1.220298171043396,0.306838721036911,-1.2160062789916992,-0.9329416751861572,-0.7110686302185059,0.18691807985305786,0.720811128616333,-1.0626510381698608,1.0348681211471558,-1.100529670715332,0.01569492742419243]}]}