{"run":{"seed":{"seed":1},"shots":1024,"steps":200,"resampling":{"resample":true,"epsilon":0.1,"hamiltonians":2,"split_shots":true},"optimizer":{"alpha":0.01,"beta_1":0.9,"beta_2":0.999,"epsilon":1e-8},"problem":{"redundancy_matrix":[[1.4919407,-1.54747139],[-0.81812471,1.14588248]],"response_vector":[0.763265,0.3836877],"k_real":2,"k_fake":2,"k_redundant":2,"samples":1024,"betas":0.5,"gamma":0.5,"alpha":0.5}},"run_number":1,"log_file":"data/feature_selection/adam/multiple_resample/1.json","steps":200,"iterations":[{"cost":-0.24531865119934082,"gradient_norm":2.204632520675659,"step_norm":0.04582575708627701,"shots_per_hamiltonian":256,"samples":4,"params":[1.0660825967788696,-0.17668288946151733,-0.2978626787662506,-0.4132174849510193,-0.8215942978858948,-0.8440930247306824,-0.08356504142284393,-1.5235035419464111,0.4123021066188812,-0.04933629930019379,1.2401082515716553,0.32512712478637695,-1.228596806526184,-0.9133322834968567,-0.7120485305786133,0.17902261018753052,0.7012040615081787,-1.0430147647857666,1.0546075105667114,-1.0807273387908936,0.033965494483709335]},{"cost":-0.2104421854019165,"gradient_norm":1.8088643550872803,"step_norm":0.04009325057268143,"shots_per_hamiltonian":256,"samples":4,"params":[1.061529517173767,-0.17160940170288086,-0.30772843956947327,-0.4032251834869385,-0.8305919170379639,-0.8540457487106323,-0.09303788840770721,-1.5325275659561157,0.40287521481513977,-0.059345588088035583,1.2301933765411377,0.31617623567581177,-1.222200632095337,-0.9231087565422058,-0.7095530033111572,0.1816965490579605,0.7109993100166321,-1.0530200004577637,1.0446217060089111,-1.0906898975372314,0.02395196072757244]},{"cost":-0.3181222081184387,"gradient_norm":1.9013128280639648,"step_norm":0.03977319225668907,"shots_per_hamiltonian":256,"samples":4,"params":[1.057327389717102,-0.1660977005958557,-0.31757012009620667,-0.39321646094322205,-0.8399676084518433,-0.8640452027320862,-0.10203160345554352,-1.5417029857635498,0.39333492517471313,-0.06903935223817825,1.220298171043396,0.306838721036911,-1.2160062789916992,-0.9329416751861572,-0.7110686302185059,0.18691807985305786,0.720811128616333,-1.0626510381698608,1.0348681211471558,-1.100529670715332,0.01569492742419243]},{"cost":-0.3718612790107727,"gradient_norm":1.8301732540130615,"step_norm":0.03900008276104927,"shots_per_hamiltonian":256,"samples":4,"params":[1.0516482591629028,-0.159178227186203,-0.3247791826725006,-0.3832060694694519,-0.8495158553123474,-0.8740642666816711,-0.11139301210641861,-1.5509306192398071,0.3868813216686249,-0.07885519415140152,1.210523247718811,0.29725706577301025,-1.2091277837753296,-0.9428325891494751,-0.7106224894523621,0.18707247078418732,0.7305582165718079,-1.072446584701538,1.0252254009246826,-1.1102194786071777,0.006988552398979664]},{"cost":-0.383632630109787,"gradient_norm":1.9066299200057983,"step_norm":0.03800324723124504,"shots_per_hamiltonian":204,"samples":5,"params":[1.045607328414917,-0.1515401303768158,-0.3329460620880127,-0.3731447756290436,-0.8578075766563416,-0.8841022253036499,-0.12095312774181366,-1.5604231357574463,0.381655752658844,-0.08877019584178925,1.2006436586380005,0.2878938615322113,-1.2034672498703003,-0.9520434141159058,-0.7115656733512878,0.18661698698997498,0.7399512529373169,-1.0819154977798462,1.0171432495117188,-1.118876338005066,-0.0021465523168444633]},{"cost":-0.5213221311569214,"gradient_norm":1.34287691116333,"step_norm":0.03680667281150818,"shots_per_hamiltonian":170,"samples":6,"params":[1.0390470027923584,-0.1435711681842804,-0.3414759933948517,-0.36306723952293396,-0.86574387550354,-0.8935889005661011,-0.13027262687683105,-1.5695933103561401,0.37556472420692444,-0.09846223890781403,1.1910525560379028,0.2792481780052185,-1.1985572576522827,-0.9605684280395508,-0.7143136858940125,0.1859586238861084,0.7488974332809448,-1.0902154445648193,1.0098598003387451,-1.1263964176177979,-0.011574114672839642]},{"cost":-0.5517050623893738,"gradient_norm":1.6068861484527588,"step_norm":0.035985033959150314,"shots_per_hamiltonian":170,"samples":6,"params":[1.0321215391159058,-0.1351417899131775,-0.35045182704925537,-0.35298043489456177,-0.8731322288513184,-0.9028270840644836,-0.1389717012643814,-1.578426480293274,0.36919134855270386,-0.10768270492553711,1.1814944744110107,0.27071553468704224,-1.1951731443405151,-0.9691545963287354,-0.7169455885887146,0.18396905064582825,0.7574367523193359,-1.0984324216842651,1.003448486328125,-1.1327632665634155,-0.021167224273085594]},{"cost":-0.46797001361846924,"gradient_norm":1.4760605096817017,"step_norm":0.03556545451283455,"shots_per_hamiltonian":146,"samples":7,"params":[1.0242630243301392,-0.12631893157958984,-0.3597504794597626,-0.3428584039211273,-0.8804514408111572,-0.9117314219474792,-0.14739876985549927,-1.5864821672439575,0.3621835708618164,-0.1167825311422348,1.1723053455352783,0.2622223198413849,-1.1923253536224365,-0.9780732989311218,-0.7213543057441711,0.17943060398101807,0.7650197148323059,-1.10671865940094,0.9973345994949341,-1.1368627548217773,-0.029598567634820938]},{"cost":-0.5703238844871521,"gradient_norm":1.3788809776306152,"step_norm":0.03430205583572388,"shots_per_hamiltonian":146,"samples":7,"params":[1.0160715579986572,-0.11713292449712753,-0.36911824345588684,-0.33271726965904236,-0.886884331703186,-0.9204367995262146,-0.15477128326892853,-1.594146728515625,0.3556613028049469,-0.12533409893512726,1.1636970043182373,0.2540917694568634,-1.189301609992981,-0.9872467517852783,-0.7260437607765198,0.17363694310188293,0.7716911435127258,-1.1120084524154663,0.9916439652442932,-1.1408050060272217,-0.038494545966386795]},{"cost":-0.6126613616943359,"gradient_norm":1.4787455797195435,"step_norm":0.0320049487054348,"shots_per_hamiltonian":128,"samples":8,"params":[1.0115790367126465,-0.10764556378126144,-0.3780326247215271,-0.3225269019603729,-0.8922924399375916,-0.9284283518791199,-0.1604526937007904,-1.6017624139785767,0.3514825701713562,-0.13381464779376984,1.1562029123306274,0.2468300312757492,-1.1857346296310425,-0.9966467022895813,-0.7319183945655823,0.16676081717014313,0.7775062322616577,-1.1169540882110596,0.9870057702064514,-1.143781304359436,-0.047305189073085785]},{"cost":-0.6240516901016235,"gradient_norm":1.376232385635376,"step_norm":0.030924048274755478,"shots_per_hamiltonian":128,"samples":8,"params":[1.006369948387146,-0.09802932292222977,-0.3852536380290985,-0.31243276596069336,-0.8954704999923706,-0.9362583756446838,-0.16672080755233765,-1.6092641353607178,0.34587934613227844,-0.14250238239765167,1.1492774486541748,0.24036772549152374,-1.1805593967437744,-1.0055755376815796,-0.737450897693634,0.1598942130804062,0.7821688652038574,-1.1198508739471436,0.9824504852294922,-1.1444623470306396,-0.05644156038761139]},{"cost":-0.6416282653808594,"gradient_norm":1.364793300628662,"step_norm":0.029179856181144714,"shots_per_hamiltonian":128,"samples":8,"params":[1.0050573348999023,-0.08858556300401688,-0.3912815749645233,-0.3023473024368286,-0.8969944715499878,-0.9429383873939514,-0.17404578626155853,-1.6163368225097656,0.3407782018184662,-0.15098868310451508,1.1431993246078491,0.23561589419841766,-1.1773189306259155,-1.014626383781433,-0.7443146705627441,0.15243548154830933,0.7858099341392517,-1.1216272115707397,0.9784438610076904,-1.1446068286895752,-0.06575121730566025]},{"cost":-0.6603119969367981,"gradient_norm":1.3935346603393555,"step_norm":0.02758084610104561,"shots_per_hamiltonian":113,"samples":9,"params":[1.0062521696090698,-0.07900147885084152,-0.3972175717353821,-0.2922569215297699,-0.8969645500183105,-0.9477501511573792,-0.1809031367301941,-1.622788906097412,0.33640697598457336,-0.15853390097618103,1.1382249593734741,0.23191584646701813,-1.1738189458847046,-1.0236711502075195,-0.7511465549468994,0.14437289535999298,0.7883492708206177,-1.1237839460372925,0.9754996299743652,-1.1440587043762207,-0.0745989978313446]},{"cost":-0.7380926609039307,"gradient_norm":1.3157145977020264,"step_norm":0.026252975687384605,"shots_per_hamiltonian":113,"samples":9,