{"run":{"seed":{"seed":2},"shots":1024,"steps":200,"resampling":{"resample":true,"epsilon":0.1,"hamiltonians":2,"split_shots":true},"optimizer":{"alpha":0.01,"beta_1":0.9,"beta_2":0.999,"epsilon":1e-8},"problem":{"redundancy_matrix":[[1.4919407,-1.54747139],[-0.81812471,1.14588248]],"response_vector":[0.763265,0.3836877],"k_real":2,"k_fake":2,"k_redundant":2,"samples":1024,"betas":0.5,"gamma":0.5,"alpha":0.5}},"run_number":2,"log_file":"data/feature_selection/adam/multiple_resample/2.json","steps":200,"iterations":[{"cost":-0.2417234182357788,"gradient_norm":2.0529837608337402,"step_norm":0.04582575708627701,"shots_per_hamiltonian":256,"samples":4,"params":[1.0660825967788696,-0.15668287873268127,-0.2978626787662506,-0.4132174849510193,-0.8215942978858948,-0.8440930247306824,-0.08356504142284393,-1.5235035419464111,0.4323020875453949,-0.04933629930019379,1.2401082515716553,0.32512712478637695,-1.2085968255996704,-0.9133322834968567,-0.7120485305786133,0.17902261018753052,0.7012040615081787,-1.0430147647857666,1.0546075105667114,-1.0807273387908936,0.033965494483709335]},{"cost":-0.28143614530563354,"gradient_norm":1.858498215675354,"step_norm":0.04002690315246582,"shots_per_hamiltonian":256,"samples":4,"params":[1.0605921745300293,-0.14768382906913757,-0.3077823221683502,-0.40321221947669983,-0.831558346748352,-0.8540776371955872,-0.08768586814403534,-1.5333834886550903,0.43397191166877747,-0.05904167890548706,1.2305324077606201,0.3152620196342468,-1.1986122131347656,-0.9230902194976807,-0.7164248824119568,0.18216539919376373,0.7110849022865295,-1.0527806282043457,1.0445945262908936,-1.0894194841384888,0.02395560033619404]},{"cost":-0.27425843477249146,"gradient_norm":1.8963512182235718,"step_norm":0.03849533945322037,"shots_per_hamiltonian":256,"samples":4,"params":[1.0532037019729614,-0.13893979787826538,-0.31772691011428833,-0.3931843936443329,-0.8409373164176941,-0.8635751008987427,-0.09222789108753204,-1.543264389038086,0.42837780714035034,-0.0688924491405487,1.221161961555481,0.30622026324272156,-1.191643476486206,-0.9304957985877991,-0.7195510864257812,0.1836332082748413,0.7209576964378357,-1.0608162879943848,1.0346741676330566,-1.0984036922454834,0.013927401043474674]},{"cost":-0.42203569412231445,"gradient_norm":1.9938991069793701,"step_norm":0.03785547986626625,"shots_per_hamiltonian":256,"samples":4,"params":[1.0448235273361206,-0.13052454590797424,-0.32713574171066284,-0.38313278555870056,-0.8499830365180969,-0.8732624053955078,-0.09724254161119461,-1.55318021774292,0.4244193434715271,-0.07879486680030823,1.2115347385406494,0.2969336211681366,-1.187268614768982,-0.9387908577919006,-0.7163829207420349,0.18448062241077423,0.7307931780815125,-1.067790150642395,1.0247148275375366,-1.1072072982788086,0.0044472357258200645]},{"cost":-0.43586239218711853,"gradient_norm":1.8457472324371338,"step_norm":0.03714001923799515,"shots_per_hamiltonian":204,"samples":5,"params":[1.0359102487564087,-0.1220422312617302,-0.3366968631744385,-0.3730616271495819,-0.8591884970664978,-0.882509708404541,-0.10190810263156891,-1.5631800889968872,0.41881170868873596,-0.08875851333141327,1.2017817497253418,0.2877982258796692,-1.184361457824707,-0.9468945860862732,-0.7169910669326782,0.18043647706508636,0.7402644753456116,-1.0751776695251465,1.0147854089736938,-1.1136715412139893,-0.0031895660795271397]},{"cost":-0.5171083211898804,"gradient_norm":1.772426962852478,"step_norm":0.036403413861989975,"shots_per_hamiltonian":170,"samples":6,"params":[1.026909351348877,-0.11309739947319031,-0.34587401151657104,-0.3629983067512512,-0.8681317567825317,-0.8920037150382996,-0.10561209172010422,-1.5731717348098755,0.4135660231113434,-0.09880492836236954,1.192128300666809,0.27931883931159973,-1.1830915212631226,-0.9544872641563416,-0.7158824801445007,0.17462436854839325,0.7492849826812744,-1.0825707912445068,1.005705714225769,-1.1184557676315308,-0.011304877698421478]},{"cost":-0.5253538489341736,"gradient_norm":1.9713149070739746,"step_norm":0.03613767772912979,"shots_per_hamiltonian":170,"samples":6,"params":[1.017608880996704,-0.10390342026948929,-0.3548920750617981,-0.352855920791626,-0.8773888945579529,-0.9012824296951294,-0.11080324649810791,-1.583129644393921,0.40705081820487976,-0.10854508727788925,1.1825019121170044,0.2710095942020416,-1.1835678815841675,-0.9613572955131531,-0.7195032238960266,0.1683938354253769,0.7576769590377808,-1.089046597480774,0.9973301887512207,-1.123534917831421,-0.01809621974825859]},{"cost":-0.6492813229560852,"gradient_norm":1.7091155052185059,"step_norm":0.03457721695303917,"shots_per_hamiltonian":146,"samples":7,"params":[1.0094878673553467,-0.09449782967567444,-0.3633138835430145,-0.34270042181015015,-0.886104166507721,-0.9102045893669128,-0.11667799204587936,-1.5931063890457153,0.4011431336402893,-0.11841267347335815,1.174229383468628,0.2634664475917816,-1.1848618984222412,-0.9684722423553467,-0.724460244178772,0.16235867142677307,0.7652820348739624,-1.0948117971420288,0.9898161888122559,-1.125182867050171,-0.02560296654701233]},{"cost":-0.6087485551834106,"gradient_norm":1.5594456195831299,"step_norm":0.0333273746073246,"shots_per_hamiltonian":146,"samples":7,"params":[1.002874732017517,-0.08483073115348816,-0.37143105268478394,-0.3325152099132538,-0.8937054872512817,-0.9187187552452087,-0.12345947325229645,-1.6022732257843018,0.39518874883651733,-0.12825828790664673,1.166907787322998,0.25659850239753723,-1.1856844425201416,-0.9758764505386353,-0.730137825012207,0.156035378575325,0.7722575664520264,-1.1005489826202393,0.9827142953872681,-1.1239759922027588,-0.0326213538646698]},{"cost":-0.7417172193527222,"gradient_norm":1.4243797063827515,"step_norm":0.031129900366067886,"shots_per_hamiltonian":128,"samples":8,"params":[0.9985980987548828,-0.07519270479679108,-0.3767024576663971,-0.3223336637020111,-0.8998915553092957,-0.9264572858810425,-0.12994450330734253,-1.6111555099487305,0.38940855860710144,-0.13764801621437073,1.1618874073028564,0.25142529606819153,-1.1837706565856934,-0.9831262826919556,-0.7368341088294983,0.14969615638256073,0.7781931161880493,-1.1064903736114502,0.9756789803504944,-1.1202905178070068,-0.04029810056090355]},{"cost":-0.7293177843093872,"gradient_norm":1.5163768529891968,"step_norm":0.02928277663886547,"shots_per_hamiltonian":128,"samples":8,"params":[0.9975798726081848,-0.06542187929153442,-0.38077956438064575,-0.3121723532676697,-0.9044601917266846,-0.9336287975311279,-0.1360241174697876,-1.6192313432693481,0.3831429183483124,-0.1468299925327301,1.1581791639328003,0.2467881441116333,-1.1847493648529053,-0.990082323551178,-0.7443088889122009,0.14278453588485718,0.7824377417564392,-1.112401008605957,0.97041255235672,-1.1151108741760254,-0.04717491194605827]},{"cost":-0.7228180170059204,"gradient_norm":1.5193616151809692,"step_norm":0.02872537635266781,"shots_per_hamiltonian":128,"samples":8,"params":[0.9986994862556458,-0.05551087483763695,-0.3833101987838745,-0.3020731806755066,-0.9078878164291382,-0.9401494264602661,-0.143192857503891,-1.6267365217208862,0.3774687349796295,-0.15576036274433136,1.1568470001220703,0.24390996992588043,-1.1859831809997559,-0.9976285099983215,-0.7523646950721741,0.134958878159523,0.7855923175811768,-1.1180379390716553,0.9661815762519836,-1.1084696054458618,-0.053878363221883774]},{"cost":-0.7501975893974304,"gradient_norm":1.518398642539978,"step_norm":0.028134509921073914,"shots_per_hamiltonian":113,"samples":9,"params":[1.0006533861160278,-0.04559828341007233,-0.3836635947227478,-0.29211145639419556,-0.9094115495681763,-0.9451425075531006,-0.1508413702249527,-1.6337602138519287,0.37100493907928467,-0.16475214064121246,1.156366229057312,0.24191178381443024,-1.185953140258789,-1.0048507452011108,-0.7608104348182678,0.12669335305690765,0.7868147492408752,-1.123233437538147,0.9625743627548218,-1.101235270500183,-0.060399461537599564]},{"cost":-0.7245963215827942,"gradient_norm":1.0094083547592163,"step_norm":0.027256714180111885,"shots_per_hamiltonian":113,"samples":9,