{"run":{"seed":{"seed":2},"shots":1024,"steps":200,"resampling":{"resample":true,"epsilon":0.1,"hamiltonians":2,"split_shots":true},"optimizer":{"alpha":0.01,"beta_1":0.9,"beta_2":0.999,"epsilon":1e-8},"problem":{"redundancy_matrix":[[1.4919407,-1.54747139],[-0.81812471,1.14588248]],"response_vector":[0.763265,0.3836877],"k_real":2,"k_fake":2,"k_redundant":2,"samples":1024,"betas":0.5,"gamma":0.5,"alpha":0.5}},"run_number":2,"log_file":"data/feature_selection/adam/multiple_resample/2.json","steps":200,"iterations":[{"cost":-0.2417234182357788,"gradient_norm":2.0529837608337402,"step_norm":0.04582575708627701,"shots_per_hamiltonian":256,"samples":4,"params":[1.0660825967788696,-0.15668287873268127,-0.2978626787662506,-0.4132174849510193,-0.8215942978858948,-0.8440930247306824,-0.08356504142284393,-1.5235035419464111,0.4323020875453949,-0.04933629930019379,1.2401082515716553,0.32512712478637695,-1.2085968255996704,-0.9133322834968567,-0.7120485305786133,0.17902261018753052,0.7012040615081787,-1.0430147647857666,1.0546075105667114,-1.0807273387908936,0.033965494483709335]},{"cost":-0.28143614530563354,"gradient_norm":1.858498215675354,"step_norm":0.04002690315246582,"shots_per_hamiltonian":256,"samples":4,"params":[1.0605921745300293,-0.14768382906913757,-0.3077823221683502,-0.40321221947669983,-0.831558346748352,-0.8540776371955872,-0.08768586814403534,-1.5333834886550903,0.43397191166877747,-0.05904167890548706,1.2305324077606201,0.3152620196342468,-1.1986122131347656,-0.9230902194976807,-0.7164248824119568,0.18216539919376373,0.7110849022865295,-1.0527806282043457,1.0445945262908936,-1.0894194841384888,0.02395560033619404]},{"cost":-0.27425843477249146,"gradient_norm":1.8963512182235718,"step_norm":0.03849533945322037,"shots_per_hamiltonian":256,"samples":4,"params":[1.0532037019729614,-0.13893979787826538,-0.31772691011428833,-0.3931843936443329,-0.8409373164176941,-0.8635751008987427,-0.09222789108753204,-1.543264389038086,0.42837780714035034,-0.0688924491405487,1.221161961555481,0.30622026324272156,-1.191643476486206,-0.9304957985877991,-0.7195510864257812,0.1836332082748413,0.7209576964378357,-1.0608162879943848,1.0346741676330566,-1.0984036922454834,0.013927401043474674]}]}