{"run":{"seed":{"seed":3},"shots":1024,"steps":200,"resampling":{"resample":true,"epsilon":0.1,"hamiltonians":2,"split_shots":true},"optimizer":{"alpha":0.01,"beta_1":0.9,"beta_2":0.999,"epsilon":1e-8},"problem":{"redundancy_matrix":[[1.4919407,-1.54747139],[-0.81812471,1.14588248]],"response_vector":[0.763265,0.3836877],"k_real":2,"k_fake":2,"k_redundant":2,"samples":1024,"betas":0.5,"gamma":0.5,"alpha":0.5}},"run_number":3,"log_file":"data/feature_selection/adam/multiple_resample/3.json","steps":200,"iterations":[{"cost":-0.23832812905311584,"gradient_norm":1.9270561933517456,"step_norm":0.04582574963569641,"shots_per_hamiltonian":256,"samples":4,"params":[1.046082615852356,-0.15668287873268127,-0.2978626787662506,-0.4132174849510193,-0.8215942978858948,-0.8440930247306824,-0.08356504142284393,-1.5235035419464111,0.4323020875453949,-0.04933629930019379,1.2401082515716553,0.32512712478637695,-1.2085968255996704,-0.9133322834968567,-0.6920485496520996,0.17902259528636932,0.7012040615081787,-1.0430147647857666,1.0546075105667114,-1.0807273387908936,0.033965494483709335]},{"cost":-0.2505800426006317,"gradient_norm":2.0559747219085693,"step_norm":0.04026626795530319,"shots_per_hamiltonian":256,"samples":4,"params":[1.0360705852508545,-0.14701208472251892,-0.3066299855709076,-0.40324661135673523,-0.8314720392227173,-0.8540684580802917,-0.07840907573699951,-1.5335116386413574,0.42992591857910156,-0.05876252055168152,1.2305775880813599,0.3152693510055542,-1.209013819694519,-0.9225013256072998,-0.683078408241272,0.1719042956829071,0.7111948728561401,-1.0527817010879517,1.0447897911071777,-1.0906485319137573,0.027673929929733276]}]}