{"run":{"seed":{"seed":3},"shots":1024,"steps":200,"resampling":{"resample":true,"epsilon":0.1,"hamiltonians":2,"split_shots":true},"optimizer":{"alpha":0.01,"beta_1":0.9,"beta_2":0.999,"epsilon":1e-8},"problem":{"redundancy_matrix":[[1.4919407,-1.54747139],[-0.81812471,1.14588248]],"response_vector":[0.763265,0.3836877],"k_real":2,"k_fake":2,"k_redundant":2,"samples":1024,"betas":0.5,"gamma":0.5,"alpha":0.5}},"run_number":3,"log_file":"data/feature_selection/adam/multiple_resample/3.json","steps":200,"iterations":[{"cost":-0.23832812905311584,"gradient_norm":1.9270561933517456,"step_norm":0.04582574963569641,"shots_per_hamiltonian":256,"samples":4,"params":[1.046082615852356,-0.15668287873268127,-0.2978626787662506,-0.4132174849510193,-0.8215942978858948,-0.8440930247306824,-0.08356504142284393,-1.5235035419464111,0.4323020875453949,-0.04933629930019379,1.2401082515716553,0.32512712478637695,-1.2085968255996704,-0.9133322834968567,-0.6920485496520996,0.17902259528636932,0.7012040615081787,-1.0430147647857666,1.0546075105667114,-1.0807273387908936,0.033965494483709335]},{"cost":-0.2505800426006317,"gradient_norm":2.0559747219085693,"step_norm":0.04026626795530319,"shots_per_hamiltonian":256,"samples":4,"params":[1.0360705852508545,-0.14701208472251892,-0.3066299855709076,-0.40324661135673523,-0.8314720392227173,-0.8540684580802917,-0.07840907573699951,-1.5335116386413574,0.42992591857910156,-0.05876252055168152,1.2305775880813599,0.3152693510055542,-1.209013819694519,-0.9225013256072998,-0.683078408241272,0.1719042956829071,0.7111948728561401,-1.0527817010879517,1.0447897911071777,-1.0906485319137573,0.027673929929733276]},{"cost":-0.29985514283180237,"gradient_norm":1.8992750644683838,"step_norm":0.03942177817225456,"shots_per_hamiltonian":256,"samples":4,"params":[1.0264219045639038,-0.13721850514411926,-0.31587737798690796,-0.3932759463787079,-0.8414238691329956,-0.8640569448471069,-0.08192001283168793,-1.5433194637298584,0.42424526810646057,-0.06829226762056351,1.2211066484451294,0.30615270137786865,-1.207863688468933,-0.9319952130317688,-0.6763521432876587,0.1634872406721115,0.7209170460700989,-1.0604915618896484,1.0353423357009888,-1.100612998008728,0.0224917009472847]},{"cost":-0.3212135434150696,"gradient_norm":1.9402793645858765,"step_norm":0.03895121440291405,"shots_per_hamiltonian":256,"samples":4,"params":[1.016858696937561,-0.1273188292980194,-0.3252975344657898,-0.3832796514034271,-0.8509114384651184,-0.8740780353546143,-0.08771985024213791,-1.5531952381134033,0.41961121559143066,-0.0779881402850151,1.2116461992263794,0.2976019084453583,-1.208748459815979,-0.9416689276695251,-0.6713090538978577,0.15672403573989868,0.7303149700164795,-1.0678179264068604,1.0257749557495117,-1.110107183456421,0.01540946215391159]},{"cost":-0.4418364465236664,"gradient_norm":2.010364532470703,"step_norm":0.038868870586156845,"shots_per_hamiltonian":204,"samples":5,"params":[1.0078033208847046,-0.11739176511764526,-0.3346819281578064,-0.3732467293739319,-0.8605532050132751,-0.883888304233551,-0.09483066946268082,-1.5630909204483032,0.4139597415924072,-0.08743450790643692,1.202851414680481,0.28888988494873047,-1.2137939929962158,-0.9513674378395081,-0.6667482256889343,0.15056540071964264,0.7393481731414795,-1.0743030309677124,1.0161116123199463,-1.1186901330947876,0.007634507492184639]},{"cost":-0.5037177801132202,"gradient_norm":1.8179078102111816,"step_norm":0.03655482828617096,"shots_per_hamiltonian":170,"samples":6,"params":[1.0022796392440796,-0.10749252140522003,-0.3435611426830292,-0.3631468117237091,-0.8700211048126221,-0.8934987783432007,-0.10227470099925995,-1.5728873014450073,0.40723076462745667,-0.09659335017204285,1.1957855224609375,0.2812372148036957,-1.2180384397506714,-0.9612188935279846,-0.6650075912475586,0.14349952340126038,0.7477463483810425,-1.0807271003723145,1.0066813230514526,-1.1268616914749146,0.0031247218139469624]},{"cost":-0.5169318914413452,"gradient_norm":1.7747827768325806,"step_norm":0.03488831967115402,"shots_per_hamiltonian":170,"samples":6,"params":[1.001443862915039,-0.09747778624296188,-0.35232752561569214,-0.3530102074146271,-0.8792098760604858,-0.9031373858451843,-0.10861414670944214,-1.5825222730636597,0.39947447180747986,-0.1057460829615593,1.1892080307006836,0.2737642526626587,-1.2236584424972534,-0.9706552624702454,-0.6652097702026367,0.13632449507713318,0.7555755376815796,-1.0864368677139282,0.9982471466064453,-1.1330680847167969,0.0003863018937408924]},{"cost":-0.5544030070304871,"gradient_norm":1.984826922416687,"step_norm":0.033931948244571686,"shots_per_hamiltonian":146,"samples":7,"params":[1.0006407499313354,-0.08737499266862869,-0.3611118197441101,-0.3427997827529907,-0.8882073163986206,-0.9124812483787537,-0.11348346620798111,-1.5922740697860718,0.39125025272369385,-0.1146540567278862,1.1830235719680786,0.2664777636528015,-1.2299295663833618,-0.9803081750869751,-0.6676691174507141,0.12828825414180756,0.7628335356712341,-1.0904487371444702,0.9903526902198792,-1.1356620788574219,-0.0005564135499298573]},{"cost":-0.6202874183654785,"gradient_norm":1.6752945184707642,"step_norm":0.032496128231287,"shots_per_hamiltonian":146,"samples":7,"params":[1.0006787776947021,-0.07731837779283524,-0.36908575892448425,-0.3326033055782318,-0.8955382704734802,-0.9216915965080261,-0.11953546851873398,-1.601912498474121,0.38286715745925903,-0.12368717789649963,1.1776119470596313,0.2614981234073639,-1.236443042755127,-0.9896518588066101,-0.6723884344100952,0.11967071145772934,0.7685157656669617,-1.0915085077285767,0.9834756255149841,-1.135972261428833,-0.0030442511197179556]},{"cost":-0.6476066708564758,"gradient_norm":1.590925931930542,"step_norm":0.03201863169670105,"shots_per_hamiltonian":128,"samples":8,"params":[1.0029925107955933,-0.0671292170882225,-0.3760562837123871,-0.3225175738334656,-0.9024046659469604,-0.9304350018501282,-0.12672097980976105,-1.611379861831665,0.37458309531211853,-0.1328907161951065,1.1747868061065674,0.2599349319934845,-1.243358850479126,-0.9992236495018005,-0.6779741048812866,0.11065598577260971,0.7732658386230469,-1.0907928943634033,0.9767113924026489,-1.1352723836898804,-0.007027400657534599]},{"cost":-0.6747484803199768,"gradient_norm":1.4281971454620361,"step_norm":0.031433314085006714,"shots_per_hamiltonian":128,"samples":8,"params":[1.0072834491729736,-0.05683289095759392,-0.3822965621948242,-0.3126164376735687,-0.9085819721221924,-0.9385469555854797,-0.13470667600631714,-1.6203789710998535,0.3667125701904297,-0.14226719737052917,1.174204707145691,0.2612100839614868,-1.2501919269561768,-1.008539080619812,-0.6839390993118286,0.10160335153341293,0.7770262360572815,-1.0899564027786255,0.9707147479057312,-1.1337378025054932,-0.01171292643994093]},{"cost":-0.6691210269927979,"gradient_norm":1.235904574394226,"step_norm":0.030276022851467133,"shots_per_hamiltonian":128,"samples":8,"params":[1.0110989809036255,-0.046467460691928864,-0.3866160213947296,-0.30291154980659485,-0.914091944694519,-0.9459323287010193,-0.14307773113250732,-1.6281418800354004,0.358494371175766,-0.15119926631450653,1.1747808456420898,0.2638775110244751,-1.2571128606796265,-1.0173357725143433,-0.6902794241905212,0.09230643510818481,0.7794412970542908,-1.0882846117019653,0.9652259349822998,-1.1305395364761353,-0.015012814663350582]},{"cost":-0.7281078696250916,"gradient_norm":1.2344645261764526,"step_norm":0.029325224459171295,"shots_per_hamiltonian":113,"samples":9,"params":[1.016517996788025,-0.03607165068387985,-0.3885153830051422,-0.2934930622577667,-0.9181908369064331,-0.9517413973808289,-0.1513357013463974,-1.6349616050720215,0.3508743643760681,-0.1601157784461975,1.1761513948440552,0.2673790156841278,-1.2645567655563354,-1.0257291793823242,-0.6974210739135742,0.08348429203033447,0.7806310057640076,-1.08591890335083,0.9606127738952637,-1.125859022140503,-0.01790483482182026]},{"cost":-0.7774862051010132,"gradient_norm":0.9211850166320801,"step_norm":0.027808215469121933,"shots_per_hamiltonian":113,"samples":9,