{"run":{"seed":{"seed":4},"shots":1024,"steps":200,"resampling":{"resample":true,"epsilon":0.1,"hamiltonians":2,"split_shots":true},"optimizer":{"alpha":0.01,"beta_1":0.9,"beta_2":0.999,"epsilon":1e-8},"problem":{"redundancy_matrix":[[1.4919407,-1.54747139],[-0.81812471,1.14588248]],"response_vector":[0.763265,0.3836877],"k_real":2,"k_fake":2,"k_redundant":2,"samples":1024,"betas":0.5,"gamma":0.5,"alpha":0.5}},"run_number":4,"log_file":"data/feature_selection/adam/multiple_resample/4.json","steps":200,"iterations":[{"cost":-0.2914079427719116,"gradient_norm":1.9081239700317383,"step_norm":0.04582573473453522,"shots_per_hamiltonian":256,"samples":4,"params":[1.046082615852356,-0.15668287873268127,-0.2978626787662506,-0.4132174849510193,-0.8215942978858948,-0.8440930247306824,-0.06356504559516907,-1.5235035419464111,0.412302166223526,-0.04933629930019379,1.2401082515716553,0.32512712478637695,-1.2085968255996704,-0.9133322834968567,-0.7120485305786133,0.15902261435985565,0.7012040615081787,-1.0430147647857666,1.0546075105667114,-1.0807273387908936,0.033965494483709335]},{"cost":-0.2082945853471756,"gradient_norm":1.7949004173278809,"step_norm":0.04025432839989662,"shots_per_hamiltonian":256,"samples":4,"params":[1.0510793924331665,-0.14693929255008698,-0.3077157735824585,-0.4032236933708191,-0.8309788703918457,-0.8539386987686157,-0.06050225719809532,-1.5335081815719604,0.40479975938796997,-0.05851486325263977,1.2306840419769287,0.31642213463783264,-1.202088713645935,-0.9222521185874939,-0.7219758033752441,0.16330993175506592,0.7110882997512817,-1.0530164241790771,1.044961929321289,-1.0893326997756958,0.023951921612024307]}]}