{"run":{"seed":{"seed":4},"shots":1024,"steps":200,"resampling":{"resample":true,"epsilon":0.1,"hamiltonians":2,"split_shots":true},"optimizer":{"alpha":0.01,"beta_1":0.9,"beta_2":0.999,"epsilon":1e-8},"problem":{"redundancy_matrix":[[1.4919407,-1.54747139],[-0.81812471,1.14588248]],"response_vector":[0.763265,0.3836877],"k_real":2,"k_fake":2,"k_redundant":2,"samples":1024,"betas":0.5,"gamma":0.5,"alpha":0.5}},"run_number":4,"log_file":"data/feature_selection/adam/multiple_resample/4.json","steps":200,"iterations":[{"cost":-0.2914079427719116,"gradient_norm":1.9081239700317383,"step_norm":0.04582573473453522,"shots_per_hamiltonian":256,"samples":4,"params":[1.046082615852356,-0.15668287873268127,-0.2978626787662506,-0.4132174849510193,-0.8215942978858948,-0.8440930247306824,-0.06356504559516907,-1.5235035419464111,0.412302166223526,-0.04933629930019379,1.2401082515716553,0.32512712478637695,-1.2085968255996704,-0.9133322834968567,-0.7120485305786133,0.15902261435985565,0.7012040615081787,-1.0430147647857666,1.0546075105667114,-1.0807273387908936,0.033965494483709335]},{"cost":-0.2082945853471756,"gradient_norm":1.7949004173278809,"step_norm":0.04025432839989662,"shots_per_hamiltonian":256,"samples":4,"params":[1.0510793924331665,-0.14693929255008698,-0.3077157735824585,-0.4032236933708191,-0.8309788703918457,-0.8539386987686157,-0.06050225719809532,-1.5335081815719604,0.40479975938796997,-0.05851486325263977,1.2306840419769287,0.31642213463783264,-1.202088713645935,-0.9222521185874939,-0.7219758033752441,0.16330993175506592,0.7110882997512817,-1.0530164241790771,1.044961929321289,-1.0893326997756958,0.023951921612024307]},{"cost":-0.3530544638633728,"gradient_norm":2.0727875232696533,"step_norm":0.0392574667930603,"shots_per_hamiltonian":256,"samples":4,"params":[1.0486587285995483,-0.13810718059539795,-0.3170259892940521,-0.3932044506072998,-0.8406440019607544,-0.8638553619384766,-0.053697824478149414,-1.5429712533950806,0.39684605598449707,-0.0680496096611023,1.2209973335266113,0.3072644770145416,-1.1997164487838745,-0.9316495656967163,-0.729381799697876,0.16207507252693176,0.7209535837173462,-1.062524437904358,1.0351448059082031,-1.098551869392395,0.014394830912351608]},{"cost":-0.3883243203163147,"gradient_norm":1.7683920860290527,"step_norm":0.03856923431158066,"shots_per_hamiltonian":256,"samples":4,"params":[1.0431636571884155,-0.12891612946987152,-0.32652467489242554,-0.3832114040851593,-0.8501307368278503,-0.8737998604774475,-0.05325658991932869,-1.5521211624145508,0.3896060585975647,-0.07771779596805573,1.211411952972412,0.29777583479881287,-1.1983810663223267,-0.9412902593612671,-0.7353422045707703,0.15631698071956635,0.7307003140449524,-1.0712809562683105,1.0254615545272827,-1.1071341037750244,0.0054666874930262566]},{"cost":-0.4343147277832031,"gradient_norm":1.8305925130844116,"step_norm":0.03906902298331261,"shots_per_hamiltonian":204,"samples":5,"params":[1.0361424684524536,-0.11945217102766037,-0.3362298011779785,-0.3732035756111145,-0.8596047759056091,-0.8838118314743042,-0.055819861590862274,-1.561256766319275,0.3817541301250458,-0.0874890685081482,1.2018245458602905,0.2883448600769043,-1.1958848237991333,-0.9510747194290161,-0.7418038249015808,0.15024559199810028,0.740103006362915,-1.0799760818481445,1.0161327123641968,-1.1147890090942383,-0.0037495363503694534]},{"cost":-0.5140904188156128,"gradient_norm":1.8345887660980225,"step_norm":0.03853091970086098,"shots_per_hamiltonian":170,"samples":6,"params":[1.028167486190796,-0.10977371782064438,-0.34608983993530273,-0.3631502389907837,-0.8690177202224731,-0.8938145041465759,-0.06122224032878876,-1.5701607465744019,0.3738693296909332,-0.09722119569778442,1.1923325061798096,0.27924636006355286,-1.1930800676345825,-0.9609875082969666,-0.7484347820281982,0.14382681250572205,0.7489284873008728,-1.0879570245742798,1.0071669816970825,-1.1207424402236938,-0.011061380617320538]},{"cost":-0.5316405296325684,"gradient_norm":1.5016204118728638,"step_norm":0.03719383850693703,"shots_per_hamiltonian":170,"samples":6,"params":[1.0199346542358398,-0.10020387172698975,-0.3559122085571289,-0.3530307114124298,-0.8778212070465088,-0.9031984210014343,-0.06606031954288483,-1.5792434215545654,0.36617907881736755,-0.10665984451770782,1.183171272277832,0.270464688539505,-1.1941628456115723,-0.9704582095146179,-0.7533388733863831,0.13669860363006592,0.75733882188797,-1.0929819345474243,0.9983497858047485,-1.1269497871398926,-0.01921086758375168]},{"cost":-0.5643007755279541,"gradient_norm":1.3993772268295288,"step_norm":0.03568163514137268,"shots_per_hamiltonian":146,"samples":7,"params":[1.0124391317367554,-0.09046463668346405,-0.36543750762939453,-0.34300029277801514,-0.8865273594856262,-0.9120179414749146,-0.07037527114152908,-1.5886380672454834,0.35784775018692017,-0.11617840081453323,1.1751081943511963,0.264017790555954,-1.1957486867904663,-0.9796037673950195,-0.7593291997909546,0.12900017201900482,0.7646165490150452,-1.096782922744751,0.9905081987380981,-1.1333391666412354,-0.026471558958292007]},{"cost":-0.6299934387207031,"gradient_norm":1.521763801574707,"step_norm":0.03458920866250992,"shots_per_hamiltonian":146,"samples":7,"params":[1.0052528381347656,-0.0806061327457428,-0.37430498003959656,-0.3328642249107361,-0.8943316340446472,-0.9205352663993835,-0.07484275102615356,-1.5975912809371948,0.34898272156715393,-0.1256488561630249,1.1676372289657593,0.25768083333969116,-1.1980177164077759,-0.9884533286094666,-0.7658342123031616,0.12065742164850235,0.7706641554832458,-1.1002434492111206,0.9832702875137329,-1.137094497680664,-0.034085262566804886]},{"cost":-0.6665372848510742,"gradient_norm":1.7538037300109863,"step_norm":0.03193964064121246,"shots_per_hamiltonian":128,"samples":8,"params":[1.0010855197906494,-0.07063150405883789,-0.38169148564338684,-0.32261013984680176,-0.9004840850830078,-0.9284145832061768,-0.08057121932506561,-1.6061410903930664,0.3397069573402405,-0.13517755270004272,1.161592960357666,0.25281402468681335,-1.202208161354065,-0.9960747957229614,-0.7728576064109802,0.11236757040023804,0.7755441069602966,-1.1026332378387451,0.9769781231880188,-1.1379057168960571,-0.04018431156873703]},{"cost":-0.584895670413971,"gradient_norm":1.4172552824020386,"step_norm":0.030602915212512016,"shots_per_hamiltonian":128,"samples":8,"params":[1.0004559755325317,-0.06064372509717941,-0.3885900378227234,-0.3124275207519531,-0.9044100046157837,-0.9354279041290283,-0.08732070028781891,-1.6146574020385742,0.3312608003616333,-0.14433903992176056,1.157096028327942,0.24868711829185486,-1.2081680297851562,-1.0038902759552002,-0.7802475094795227,0.10398004204034805,0.778860867023468,-1.1053798198699951,0.971110463142395,-1.1372658014297485,-0.046096768230199814]},{"cost":-0.6554763317108154,"gradient_norm":1.3766975402832031,"step_norm":0.029159890487790108,"shots_per_hamiltonian":128,"samples":8,"params":[1.0017074346542358,-0.050563812255859375,-0.39323073625564575,-0.3023171126842499,-0.9077178239822388,-0.9411704540252686,-0.09466925263404846,-1.622236967086792,0.32348325848579407,-0.15335720777511597,1.1549632549285889,0.2462279349565506,-1.2135039567947388,-1.01173996925354,-0.7880048155784607,0.09546460956335068,0.7811830043792725,-1.1078554391860962,0.9654754400253296,-1.1354999542236328,-0.05290988087654114]},{"cost":-0.6916601657867432,"gradient_norm":1.3143631219863892,"step_norm":0.028014402836561203,"shots_per_hamiltonian":113,"samples":9,"params":[1.0050603151321411,-0.04052983224391937,-0.39695417881011963,-0.29240554571151733,-0.908852219581604,-0.9464820623397827,-0.10241594165563583,-1.628476619720459,0.31671956181526184,-0.16211648285388947,1.1543229818344116,0.24600496888160706,-1.2183417081832886,-1.0195567607879639,-0.7963124513626099,0.08745969831943512,0.782463788986206,-1.1099817752838135,0.9609699845314026,-1.1319376230239868,-0.06016599014401436]},{"cost":-0.7078924179077148,"gradient_norm":1.2327147722244263,"step_norm":0.026975085958838463,"shots_per_hamiltonian":113,