{"seed":0,"n_steps":50,"shots":1024,"n_hamiltonians":1,"split_shots":true,"resample":true,"resample_single":false,"rho":0.8,"gamma_1":1.1,"gamma_2":0.9,"epsilon":0.1,"eps":0.1,"delta_0":0.05,"mu":1000.0,"alpha":0.5,"beta_1":0.9,"beta_2":0.999,"step_size":0.05,"data_file":"./data/feature_selection/adam/multiple_realloc_1024/experiment_0.json","optimizer":"<class 'qso.optimizers.adam.Adam'>","k_real":2,"k_fake":2,"k_redundant":2,"samples":256,"betas":[0.05],"gamma":0.05,"data_description":null,"data_description_file":"./data/feature_selection/adam/data_description.txt","print_hamiltonian":false,"func":"<function run at 0x7f81dadfa020>","iterations":[{"cost":-0.5140299797058105,"delta_t":0.05500000000000001,"gradient_norm":5.513175010681152,"step_norm":0.05000000074505806,"step_scalar":1.0,"sigma_t2":0.4898020029067993,"improvement_ratio":1.1740443901512962,"shots_per_hamiltonian":512,"samples":2,"params":[-0.16243916749954224,-0.23662251234054565,0.06918181478977203,-0.6163222193717957,-1.8947975635528564,0.0379544161260128,-1.0906496047973633,0.5307374596595764,0.28547388315200806,2.429447650909424,-1.5095345973968506,-0.7426250576972961,-1.032343864440918,-1.9961557388305664,-0.985562801361084,-0.42670848965644836,1.0130687952041626,-0.8364735245704651,0.27340465784072876,-0.7611610293388367,-1.292783260345459]},{"cost":-0.7152112722396851,"delta_t":0.06050000000000001,"gradient_norm":4.2961039543151855,"step_norm":0.055000003427267075,"step_scalar":1.0,"sigma_t2":2.6838228702545166,"improvement_ratio":1.2578517386205739,"shots_per_hamiltonian":68,"samples":15,"params":[-0.1976022720336914,-0.2418898046016693,0.04124261438846588,-0.6173415780067444,-1.9012640714645386,0.024087293073534966,-1.097091794013977,0.5318551063537598,0.2957363724708557,2.4257001876831055,-1.514462947845459,-0.7394057512283325,-1.0268210172653198,-1.9950811862945557,-0.9889731407165527,-0.4263003468513489,1.028963565826416,-0.8366871476173401,0.2882545590400696,-0.7591480612754822,-1.2980350255966187]},{"cost":-0.9799281358718872,"delta_t":0.06655000000000001,"gradient_norm":3.6034772396087646,"step_norm":0.06050000712275505,"step_scalar":1.0,"sigma_t2":11.209916114807129,"improvement_ratio":1.1217655609302037,"shots_per_hamiltonian":13,"samples":74,"params":[-0.23134207725524902,-0.24618196487426758,0.018142977729439735,-0.6224677562713623,-1.914147973060608,0.007766947150230408,-1.1101163625717163,0.5341801643371582,0.3079211413860321,2.4193856716156006,-1.5183053016662598,-0.7335402369499207,-1.0207695960998535,-1.996246576309204,-0.994327187538147,-0.42544442415237427,1.0547404289245605,-0.8385232090950012,0.305021196603775,-0.7605197429656982,-1.3070063591003418]},{"cost":-1.101256251335144,"delta_t":0.07320500000000002,"gradient_norm":2.826381206512451,"step_norm":0.06655000150203705,"step_scalar":1.0,"sigma_t2":45.275508880615234,"improvement_ratio":1.3624231618979212,"shots_per_hamiltonian":3,"samples":280,"params":[-0.26120302081108093,-0.25658369064331055,-0.0011423677206039429,-0.6330028176307678,-1.9255403280258179,-0.004499401897192001,-1.124530553817749,0.5283718109130859,0.3215987980365753,2.40804386138916,-1.514561414718628,-0.7180572152137756,-1.0154668092727661,-1.9942686557769775,-1.002484679222107,-0.4226573705673218,1.089170217514038,-0.8444072604179382,0.322929710149765,-0.7650863528251648,-1.320680022239685]}]}