{"seed":1,"n_steps":50,"shots":1024,"n_hamiltonians":1,"split_shots":true,"resample":true,"resample_single":false,"rho":0.8,"gamma_1":1.1,"gamma_2":0.9,"epsilon":0.1,"eps":0.1,"delta_0":0.05,"mu":1000.0,"alpha":0.5,"beta_1":0.9,"beta_2":0.999,"step_size":0.05,"data_file":"./data/feature_selection/adam/multiple_realloc_1024/experiment_1.json","optimizer":"<class 'qso.optimizers.adam.Adam'>","k_real":2,"k_fake":2,"k_redundant":2,"samples":256,"betas":[0.05],"gamma":0.05,"data_description":null,"data_description_file":"./data/feature_selection/adam/data_description.txt","print_hamiltonian":false,"func":"<function run at 0x7f0a68276020>","iterations":[{"cost":0.21081173419952393,"delta_t":0.05500000000000001,"gradient_norm":2.185840368270874,"step_norm":0.05000000074505806,"step_scalar":1.0,"sigma_t2":0.1780291348695755,"improvement_ratio":0.8050586315365914,"shots_per_hamiltonian":512,"samples":2,"params":[-0.6491718888282776,-0.5909329056739807,-0.5732913017272949,-1.3431127071380615,-0.16266092658042908,-1.2338155508041382,1.342544674873352,0.5921562314033508,0.8247830271720886,0.6067643761634827,1.0062572956085205,0.29939380288124084,-0.07896572351455688,0.6571477055549622,0.1099507138133049,0.9313560128211975,1.1121177673339844,-0.29201647639274597,-2.3415579795837402,-0.14671219885349274,1.03718900680542]},{"cost":0.16483178734779358,"delta_t":0.06050000000000001,"gradient_norm":2.1842219829559326,"step_norm":0.05499999597668648,"step_scalar":1.0,"sigma_t2":0.5581023097038269,"improvement_ratio":1.672723362478212,"shots_per_hamiltonian":170,"samples":6,"params":[-0.6353479027748108,-0.5928564071655273,-0.5605403184890747,-1.328317642211914,-0.17838263511657715,-1.2331833839416504,1.351872205734253,0.6118799448013306,0.8395915627479553,0.6082935333251953,1.0113153457641602,0.3233001232147217,-0.07840579003095627,0.6496489644050598,0.1080976352095604,0.9327956438064575,1.1321619749069214,-0.30983614921569824,-2.3331243991851807,-0.15142260491847992,1.0315572023391724]},{"cost":0.030955778434872627,"delta_t":0.06655000000000001,"gradient_norm":2.4119229316711426,"step_norm":0.06050000712275505,"step_scalar":1.0,"sigma_t2":1.5335876941680908,"improvement_ratio":1.70341180450384,"shots_per_hamiltonian":64,"samples":16,"params":[-0.6243804693222046,-0.5892816781997681,-0.5530506372451782,-1.3172231912612915,-0.20411357283592224,-1.2285183668136597,1.356879711151123,0.6363624334335327,0.8631961345672607,0.6159157752990723,1.015963077545166,0.3498672544956207,-0.08257845789194107,0.6445030570030212,0.10685320198535919,0.934027373790741,1.1468955278396606,-0.32964441180229187,-2.327911138534546,-0.15428172051906586,1.02926504611969]},{"cost":-0.15882915258407593,"delta_t":0.07320500000000002,"gradient_norm":3.180706739425659,"step_norm":0.06655000150203705,"step_scalar":1.0,"sigma_t2":4.317258834838867,"improvement_ratio":1.2267802616341814,"shots_per_hamiltonian":26,"samples":39,"params":[-0.6150006055831909,-0.5873103141784668,-0.5534380674362183,-1.308439016342163,-0.237702876329422,-1.2288917303085327,1.3621225357055664,0.6518936157226562,0.8992826342582703,0.6191537976264954,1.022593379020691,0.3756202459335327,-0.08847411721944809,0.6430676579475403,0.10782280564308167,0.9370757341384888,1.1619112491607666,-0.3529667854309082,-2.3277018070220947,-0.15787486732006073,1.0256139039993286]},{"cost":-0.4216233491897583,"delta_t":0.08052550000000003,"gradient_norm":4.02736759185791,"step_norm":0.07320500165224075,"step_scalar":1.0,"sigma_t2":15.012100219726562,"improvement_ratio":1.0752945660217372,"shots_per_hamiltonian":8,"samples":127,"params":[-0.6109998226165771,-0.5852682590484619,-0.5635417103767395,-1.3038594722747803,-0.2772781252861023,-1.224848747253418,1.3640702962875366,0.6693462133407593,0.9400161504745483,0.6313557028770447,1.0255677700042725,0.400779128074646,-0.09681465476751328,0.6452090740203857,0.10809658467769623,0.9386687874794006,1.176114797592163,-0.3769475817680359,-2.332179546356201,-0.1589876115322113,1.0257378816604614]},{"cost":-0.6784024834632874,"delta_t":0.08857805000000003,"gradient_norm":4.083647727966309,"step_norm":0.08052549511194229,"step_scalar":1.0,"sigma_t2":55.37810516357422,"improvement_ratio":0.9283385588774846,"shots_per_hamiltonian":2,"samples":471,"params":[-0.6152095794677734,-0.5882389545440674,-0.5793830752372742,-1.299943208694458,-0.32283496856689453,-1.2251554727554321,1.364912509918213,0.6815009117126465,0.9823268055915833,0.6498683094978333,1.0265291929244995,0.42656534910202026,-0.10778647661209106,0.6499497890472412,0.10891573876142502,0.9426531195640564,1.188974380493164,-0.404666006565094,-2.34086537361145,-0.15949249267578125,1.0256141424179077]}]}