{"seed":4,"n_steps":50,"shots":1024,"n_hamiltonians":1,"split_shots":true,"resample":true,"resample_single":false,"rho":0.8,"gamma_1":1.1,"gamma_2":0.9,"epsilon":0.1,"eps":0.1,"delta_0":0.05,"mu":1000.0,"alpha":0.5,"beta_1":0.9,"beta_2":0.999,"step_size":0.05,"data_file":"./data/feature_selection/adam/multiple_realloc_1024/experiment_4.json","optimizer":"<class 'qso.optimizers.adam.Adam'>","k_real":2,"k_fake":2,"k_redundant":2,"samples":256,"betas":[0.05],"gamma":0.05,"data_description":null,"data_description_file":"./data/feature_selection/adam/data_description.txt","print_hamiltonian":false,"func":"<function run at 0x7f067ce36020>","iterations":[{"cost":0.45015063881874084,"delta_t":0.05500000000000001,"gradient_norm":4.596010208129883,"step_norm":0.05000000447034836,"step_scalar":1.0,"sigma_t2":0.22914476692676544,"improvement_ratio":1.1623203584771917,"shots_per_hamiltonian":512,"samples":2,"params":[0.09987702965736389,1.2273331880569458,-0.8404677510261536,-0.014649669639766216,-0.9273077249526978,0.8199905753135681,0.5642036199569702,-1.2365000247955322,-1.7409213781356812,-1.1648898124694824,0.8792314529418945,-0.11045784503221512,1.4752922058105469,-1.0307916402816772,0.6946892738342285,-0.2914586365222931,-0.13164712488651276,0.6217250227928162,0.5119818449020386,-0.04647950828075409,0.45491987466812134]},{"cost":0.1970262974500656,"delta_t":0.06050000000000001,"gradient_norm":4.528694152832031,"step_norm":0.05499999597668648,"step_scalar":1.0,"sigma_t2":0.5046923756599426,"improvement_ratio":1.0776994610957367,"shots_per_hamiltonian":146,"samples":7,"params":[0.076645627617836,1.2251310348510742,-0.8232319951057434,-0.01702900417149067,-0.9097826480865479,0.8116616606712341,0.5678368806838989,-1.2234094142913818,-1.7359778881072998,-1.1743528842926025,0.8419202566146851,-0.11002160608768463,1.4761791229248047,-1.024596095085144,0.6946432590484619,-0.29110750555992126,-0.12394961714744568,0.619416356086731,0.5131451487541199,-0.048699215054512024,0.45536336302757263]},{"cost":-0.1285724639892578,"delta_t":0.05445000000000001,"gradient_norm":4.595441818237305,"step_norm":0.060499995946884155,"step_scalar":1.0,"sigma_t2":1.318323016166687,"improvement_ratio":0.46665844441466303,"shots_per_hamiltonian":73,"samples":14,"params":[0.076645627617836,1.2251310348510742,-0.8232319951057434,-0.01702900417149067,-0.9097826480865479,0.8116616606712341,0.5678368806838989,-1.2234094142913818,-1.7359778881072998,-1.1743528842926025,0.8419202566146851,-0.11002160608768463,1.4761791229248047,-1.024596095085144,0.6946432590484619,-0.29110750555992126,-0.12394961714744568,0.619416356086731,0.5131451487541199,-0.048699215054512024,0.45536336302757263]},{"cost":-0.10747964680194855,"delta_t":0.05989500000000002,"gradient_norm":4.6175312995910645,"step_norm":0.05445000156760216,"step_scalar":1.0,"sigma_t2":4.0137529373168945,"improvement_ratio":0.8659212215008192,"shots_per_hamiltonian":24,"samples":41,"params":[0.05469531565904617,1.2244517803192139,-0.8098220229148865,-0.01755640096962452,-0.8964613080024719,0.8074357509613037,0.5714136362075806,-1.2082988023757935,-1.7316157817840576,-1.1849931478500366,0.8043093085289001,-0.11296951770782471,1.4779150485992432,-1.0210490226745605,0.6950530409812927,-0.2916467785835266,-0.10735317319631577,0.6207993626594543,0.5166886448860168,-0.049014583230018616,0.4574606418609619]},{"cost":-0.3561626076698303,"delta_t":0.053905500000000016,"gradient_norm":4.4652533531188965,"step_norm":0.059895001351833344,"step_scalar":1.0,"sigma_t2":13.642706871032715,"improvement_ratio":0.7870198020512857,"shots_per_hamiltonian":7,"samples":144,"params":[0.05469531565904617,1.2244517803192139,-0.8098220229148865,-0.01755640096962452,-0.8964613080024719,0.8074357509613037,0.5714136362075806,-1.2082988023757935,-1.7316157817840576,-1.1849931478500366,0.8043093085289001,-0.11296951770782471,1.4779150485992432,-1.0210490226745605,0.6950530409812927,-0.2916467785835266,-0.10735317319631577,0.6207993626594543,0.5166886448860168,-0.049014583230018616,0.4574606418609619]},{"cost":-0.3432578146457672,"delta_t":0.059296050000000024,"gradient_norm":4.364531517028809,"step_norm":0.05390549823641777,"step_scalar":1.0,"sigma_t2":94.26518249511719,"improvement_ratio":0.9234543872898126,"shots_per_hamiltonian":1,"samples":640,"params":[0.033684417605400085,1.2243998050689697,-0.7995087504386902,-0.011660011485219002,-0.8852272629737854,0.8029388785362244,0.573670506477356,-1.1988826990127563,-1.7267389297485352,-1.1903351545333862,0.7668690085411072,-0.11725345253944397,1.480211615562439,-1.0185922384262085,0.6944223046302795,-0.293042927980423,-0.08347219228744507,0.6247543692588806,0.5186121463775635,-0.04834519326686859,0.46007388830184937]}]}