{"seed":2,"n_steps":50,"shots":1024,"n_hamiltonians":1,"split_shots":true,"resample":true,"resample_single":false,"rho":0.8,"gamma_1":1.1,"gamma_2":0.9,"epsilon":0.1,"eps":0.1,"delta_0":0.05,"mu":1000.0,"alpha":0.5,"beta_1":0.9,"beta_2":0.999,"step_size":0.05,"data_file":"./data/feature_selection/adam/multiple_realloc_1024/experiment_2.json","optimizer":"<class 'qso.optimizers.adam.Adam'>","k_real":2,"k_fake":2,"k_redundant":2,"samples":256,"betas":[0.05],"gamma":0.05,"data_description":null,"data_description_file":"./data/feature_selection/adam/data_description.txt","print_hamiltonian":false,"func":"<function run at 0x7f6b8c586020>","iterations":[{"cost":0.04389219731092453,"delta_t":0.05500000000000001,"gradient_norm":2.6923892498016357,"step_norm":0.05000000074505806,"step_scalar":1.0,"sigma_t2":0.20620284974575043,"improvement_ratio":1.2996657755579075,"shots_per_hamiltonian":512,"samples":2,"params":[-1.1840447187423706,-0.4964280128479004,0.6500431895256042,1.374835729598999,1.0081121921539307,-1.7243125438690186,-1.2171393632888794,-0.5160092115402222,-0.4415341019630432,-0.8406775593757629,-0.4141491651535034,-0.21998561918735504,0.03777327388525009,-0.4365094304084778,-0.3372066915035248,-0.713672935962677,0.41606011986732483,1.0702120065689087,0.5445871353149414,0.8872166275978088,1.8411898612976074]},{"cost":-0.10784197598695755,"delta_t":0.04950000000000001,"gradient_norm":2.3642711639404297,"step_norm":0.05499999597668648,"step_scalar":1.0,"sigma_t2":0.8015786409378052,"improvement_ratio":0.7005253860250181,"shots_per_hamiltonian":146,"samples":7,"params":[-1.1840447187423706,-0.4964280128479004,0.6500431895256042,1.374835729598999,1.0081121921539307,-1.7243125438690186,-1.2171393632888794,-0.5160092115402222,-0.4415341019630432,-0.8406775593757629,-0.4141491651535034,-0.21998561918735504,0.03777327388525009,-0.4365094304084778,-0.3372066915035248,-0.713672935962677,0.41606011986732483,1.0702120065689087,0.5445871353149414,0.8872166275978088,1.8411898612976074]},{"cost":-0.12930279970169067,"delta_t":0.044550000000000006,"gradient_norm":2.5113089084625244,"step_norm":0.0494999997317791,"step_scalar":1.0,"sigma_t2":2.5169992446899414,"improvement_ratio":0.566814671833369,"shots_per_hamiltonian":37,"samples":27,"params":[-1.1840447187423706,-0.4964280128479004,0.6500431895256042,1.374835729598999,1.0081121921539307,-1.7243125438690186,-1.2171393632888794,-0.5160092115402222,-0.4415341019630432,-0.8406775593757629,-0.4141491651535034,-0.21998561918735504,0.03777327388525009,-0.4365094304084778,-0.3372066915035248,-0.713672935962677,0.41606011986732483,1.0702120065689087,0.5445871353149414,0.8872166275978088,1.8411898612976074]},{"cost":-0.10872723907232285,"delta_t":0.040095000000000006,"gradient_norm":2.347221851348877,"step_norm":0.04455000162124634,"step_scalar":1.0,"sigma_t2":9.198566436767578,"improvement_ratio":0.576056743792254,"shots_per_hamiltonian":10,"samples":94,"params":[-1.1840447187423706,-0.4964280128479004,0.6500431895256042,1.374835729598999,1.0081121921539307,-1.7243125438690186,-1.2171393632888794,-0.5160092115402222,-0.4415341019630432,-0.8406775593757629,-0.4141491651535034,-0.21998561918735504,0.03777327388525009,-0.4365094304084778,-0.3372066915035248,-0.713672935962677,0.41606011986732483,1.0702120065689087,0.5445871353149414,0.8872166275978088,1.8411898612976074]},{"cost":-0.12877163290977478,"delta_t":0.036085500000000006,"gradient_norm":2.5212268829345703,"step_norm":0.040095001459121704,"step_scalar":1.0,"sigma_t2":47.493831634521484,"improvement_ratio":0.25234595131440585,"shots_per_hamiltonian":2,"samples":492,"params":[-1.1840447187423706,-0.4964280128479004,0.6500431895256042,1.374835729598999,1.0081121921539307,-1.7243125438690186,-1.2171393632888794,-0.5160092115402222,-0.4415341019630432,-0.8406775593757629,-0.4141491651535034,-0.21998561918735504,0.03777327388525009,-0.4365094304084778,-0.3372066915035248,-0.713672935962677,0.41606011986732483,1.0702120065689087,0.5445871353149414,0.8872166275978088,1.8411898612976074]}]}