{"seed":3,"n_steps":50,"shots":1024,"n_hamiltonians":1,"split_shots":true,"resample":true,"resample_single":false,"rho":0.8,"gamma_1":1.1,"gamma_2":0.9,"epsilon":0.1,"eps":0.1,"delta_0":0.05,"mu":1000.0,"alpha":0.5,"beta_1":0.9,"beta_2":0.999,"step_size":0.05,"data_file":"./data/feature_selection/adam/multiple_realloc_1024/experiment_3.json","optimizer":"<class 'qso.optimizers.adam.Adam'>","k_real":2,"k_fake":2,"k_redundant":2,"samples":256,"betas":[0.05],"gamma":0.05,"data_description":null,"data_description_file":"./data/feature_selection/adam/data_description.txt","print_hamiltonian":false,"func":"<function run at 0x7f981d492020>","iterations":[{"cost":0.1135968416929245,"delta_t":0.05500000000000001,"gradient_norm":3.375802516937256,"step_norm":0.05000000074505806,"step_scalar":1.0,"sigma_t2":0.25389668345451355,"improvement_ratio":1.2295309721431884,"shots_per_hamiltonian":512,"samples":2,"params":[-0.44612374901771545,0.25635647773742676,-0.20901557803153992,-0.43150827288627625,-0.6152290105819702,-1.2084388732910156,-2.41756272315979,-2.7897567749023438,0.5108058452606201,0.11137722432613373,-0.43222466111183167,0.854065477848053,0.19473963975906372,-0.5619596242904663,0.861231803894043,0.7066061496734619,-1.3373082876205444,0.30788955092430115,-0.6981346607208252,1.434785008430481,1.5624874830245972]},{"cost":-0.1049826517701149,"delta_t":0.06050000000000001,"gradient_norm":3.3458659648895264,"step_norm":0.054999999701976776,"step_scalar":1.0,"sigma_t2":1.3004074096679688,"improvement_ratio":1.0333987927463542,"shots_per_hamiltonian":128,"samples":8,"params":[-0.4475516080856323,0.2802182137966156,-0.19748201966285706,-0.4067882001399994,-0.6083291172981262,-1.2237589359283447,-2.4245290756225586,-2.7777493000030518,0.5055528283119202,0.10606729239225388,-0.4396224021911621,0.8359729647636414,0.19348710775375366,-0.560146152973175,0.863243579864502,0.7067734003067017,-1.3339920043945312,0.3307528793811798,-0.7136399745941162,1.4352587461471558,1.566133975982666]},{"cost":-0.24708271026611328,"delta_t":0.06655000000000001,"gradient_norm":3.2750229835510254,"step_norm":0.06049999222159386,"step_scalar":1.0,"sigma_t2":5.9164628982543945,"improvement_ratio":1.2952802531399978,"shots_per_hamiltonian":28,"samples":36,"params":[-0.44987088441848755,0.30020299553871155,-0.18315844237804413,-0.3797469437122345,-0.6021600365638733,-1.2384756803512573,-2.4333040714263916,-2.758094549179077,0.4976801872253418,0.09615707397460938,-0.4471760392189026,0.8161923885345459,0.19141161441802979,-0.556922197341919,0.8643386363983154,0.7064439654350281,-1.330875039100647,0.35326746106147766,-0.734146237373352,1.4344145059585571,1.5723601579666138]},{"cost":-0.4306209981441498,"delta_t":0.07320500000000002,"gradient_norm":3.019840717315674,"step_norm":0.06655000150203705,"step_scalar":1.0,"sigma_t2":27.475006103515625,"improvement_ratio":1.188791873258678,"shots_per_hamiltonian":6,"samples":148,"params":[-0.45365139842033386,0.31598004698753357,-0.1633661538362503,-0.35566243529319763,-0.6001007556915283,-1.254979133605957,-2.445716619491577,-2.73095703125,0.48960888385772705,0.08491090685129166,-0.45404577255249023,0.7912672758102417,0.1827457845211029,-0.5532388091087341,0.8658307194709778,0.7083821296691895,-1.3312512636184692,0.3741058111190796,-0.7580484747886658,1.437089443206787,1.580054521560669]}]}