{"run":{"seed":{"seed":0},"shots":1024,"steps":200,"resampling":{"resample":true,"epsilon":0.1,"hamiltonians":2,"split_shots":false},"optimizer":{"alpha":0.01,"beta_1":0.9,"beta_2":0.999,"epsilon":1e-8},"problem":{"redundancy_matrix":[[1.4919407,-1.54747139],[-0.81812471,1.14588248]],"response_vector":[0.763265,0.3836877],"k_real":2,"k_fake":2,"k_redundant":2,"samples":1024,"betas":0.5,"gamma":0.5,"alpha":0.5}},"run_number":0,"log_file":"data/feature_selection/adam/multiple/0.json","steps":200,"iterations":[{"cost":-0.23225310444831848,"gradient_norm":1.8954294919967651,"step_norm":0.045825738459825516,"shots_per_hamiltonian":1024,"samples":4,"params":[1.0660825967788696,-0.17668287456035614,-0.2978626787662506,-0.4132174849510193,-0.8215942978858948,-0.8440930247306824,-0.08356504142284393,-1.5235035419464111,0.4123021066188812,-0.04933629930019379,1.2401082515716553,0.32512712478637695,-1.2085968255996704,-0.9133322834968567,-0.7120485305786133,0.17902256548404694,0.7012040615081787,-1.0430147647857666,1.0546075105667114,-1.0807273387908936,0.03396552428603172]},{"cost":-0.28330177068710327,"gradient_norm":1.8946683406829834,"step_norm":0.040401242673397064,"shots_per_hamiltonian":1024,"samples":4,"params":[1.0597914457321167,-0.17168864607810974,-0.30768242478370667,-0.4032042324542999,-0.8314882516860962,-0.853977382183075,-0.08967666327953339,-1.5334768295288086,0.41371744871139526,-0.05932559818029404,1.2301805019378662,0.3151136636734009,-1.1994351148605347,-0.9232991933822632,-0.7192229628562927,0.17173326015472412,0.7112098932266235,-1.052882432937622,1.0447280406951904,-1.0905338525772095,0.026292450726032257]},{"cost":-0.3416324853897095,"gradient_norm":1.690861463546753,"step_norm":0.04112507775425911,"shots_per_hamiltonian":1024,"samples":4,"params":[1.0520352125167847,-0.16430924832820892,-0.317552775144577,-0.3931862711906433,-0.8411458730697632,-0.8638823628425598,-0.09725719690322876,-1.5432937145233154,0.4080238342285156,-0.06923078745603561,1.220199704170227,0.3050824701786041,-1.1904338598251343,-0.9327515959739685,-0.7272301316261292,0.1638978123664856,0.7210894227027893,-1.0625765323638916,1.0349888801574707,-1.099806785583496,0.020411117002367973]},{"cost":-0.38449662923812866,"gradient_norm":1.68326997756958,"step_norm":0.041471149772405624,"shots_per_hamiltonian":1024,"samples":4,"params":[1.0434972047805786,-0.15597306191921234,-0.3273492455482483,-0.38313162326812744,-0.8507292866706848,-0.8736602067947388,-0.10520999133586884,-1.5530643463134766,0.40196216106414795,-0.07894005626440048,1.210352897644043,0.2950182557106018,-1.18107271194458,-0.9421470165252686,-0.7344626784324646,0.15587711334228516,0.7308386564254761,-1.0722718238830566,1.0255277156829834,-1.1092933416366577,0.013787223026156425]},{"cost":-0.4459858536720276,"gradient_norm":1.7511874437332153,"step_norm":0.041219521313905716,"shots_per_hamiltonian":1024,"samples":5,"params":[1.0346426963806152,-0.14717596769332886,-0.33725935220718384,-0.3730337917804718,-0.8598787188529968,-0.8832945227622986,-0.11178895831108093,-1.5629595518112183,0.3945068120956421,-0.088666170835495,1.2004354000091553,0.2855249047279358,-1.1721667051315308,-0.9515167474746704,-0.7423616647720337,0.1471962332725525,0.740201473236084,-1.0812792778015137,1.0163891315460205,-1.1176234483718872,0.006032733246684074]},{"cost":-0.4906771183013916,"gradient_norm":1.6192035675048828,"step_norm":0.040954992175102234,"shots_per_hamiltonian":1024,"samples":6,"params":[1.0255111455917358,-0.13797634840011597,-0.34724098443984985,-0.36289358139038086,-0.8690226674079895,-0.8929376006126404,-0.1172717809677124,-1.5727757215499878,0.3862411081790924,-0.09834706783294678,1.1907087564468384,0.2763691246509552,-1.1649446487426758,-0.9608173370361328,-0.7509273886680603,0.1380864679813385,0.7490580081939697,-1.0896419286727905,1.007644534111023,-1.1261790990829468,-0.002350715920329094]},{"cost":-0.5499587059020996,"gradient_norm":1.6164592504501343,"step_norm":0.040215782821178436,"shots_per_hamiltonian":1024,"samples":6,"params":[1.0164653062820435,-0.12849198281764984,-0.3570074737071991,-0.35269492864608765,-0.8776957392692566,-0.9025009870529175,-0.12424033880233765,-1.5824000835418701,0.37742409110069275,-0.107973612844944,1.1812341213226318,0.26754823327064514,-1.1592813730239868,-0.9698543548583984,-0.7593144178390503,0.12878118455410004,0.7572531700134277,-1.0976240634918213,0.999728262424469,-1.1338297128677368,-0.011155798099935055]},{"cost":-0.58857661485672,"gradient_norm":1.6028255224227905,"step_norm":0.038177650421857834,"shots_per_hamiltonian":1024,"samples":7,"params":[1.0106213092803955,-0.11877384781837463,-0.3662342131137848,-0.3424385190010071,-0.8853793740272522,-0.9118327498435974,-0.13188788294792175,-1.5920145511627197,0.36838775873184204,-0.11745718121528625,1.1725085973739624,0.2593754529953003,-1.156578540802002,-0.9790526032447815,-0.768119215965271,0.11931419372558594,0.7645166516304016,-1.104573130607605,0.9929049611091614,-1.1400209665298462,-0.020213667303323746]},{"cost":-0.642596423625946,"gradient_norm":1.6403963565826416,"step_norm":0.0360933281481266,"shots_per_hamiltonian":1024,"samples":7,"params":[1.0083603858947754,-0.10885965079069138,-0.37521669268608093,-0.33211708068847656,-0.8917382955551147,-0.9206554293632507,-0.13994577527046204,-1.6012585163116455,0.36056363582611084,-0.12686686217784882,1.1645349264144897,0.2520880103111267,-1.1577880382537842,-0.9883639216423035,-0.7772226333618164,0.10959310829639435,0.7708030343055725,-1.1110093593597412,0.9870933890342712,-1.1445802450180054,-0.028929516673088074]},{"cost":-0.6514085531234741,"gradient_norm":1.4477317333221436,"step_norm":0.034643229097127914,"shots_per_hamiltonian":1024,"samples":8,"params":[1.0083900690078735,-0.09878260642290115,-0.38322776556015015,-0.3218178153038025,-0.8968581557273865,-0.9287716746330261,-0.14853572845458984,-1.610062599182129,0.3527687191963196,-0.13617755472660065,1.1572035551071167,0.24632270634174347,-1.161007285118103,-0.9976106882095337,-0.7866772413253784,0.09968924522399902,0.7759820222854614,-1.1170231103897095,0.9819913506507874,-1.1469063758850098,-0.03745947778224945]},{"cost":-0.6926929950714111,"gradient_norm":1.4009428024291992,"step_norm":0.0330270454287529,"shots_per_hamiltonian":1024,"samples":8,"params":[1.0108046531677246,-0.0886162519454956,-0.38991791009902954,-0.3115852177143097,-0.8998055458068848,-0.9361459016799927,-0.15761423110961914,-1.618505835533142,0.3461587727069855,-0.1454267054796219,1.150712490081787,0.24176321923732758,-1.1649386882781982,-1.0068720579147339,-0.7961723208427429,0.08971773833036423,0.7801167964935303,-1.1223385334014893,0.9775175452232361,-1.1470868587493896,-0.045644134283065796]},{"cost":-0.7122429013252258,"gradient_norm":1.329568862915039,"step_norm":0.031470488756895065,"shots_per_hamiltonian":1024,"samples":8,"params":[1.015179991722107,-0.07840622216463089,-0.39550039172172546,-0.3014253079891205,-0.9013693928718567,-0.9425960779190063,-0.1668129712343216,-1.6260255575180054,0.34063705801963806,-0.15439440310001373,1.1455137729644775,0.23861901462078094,-1.1687194108963013,-1.0161592960357666,-0.8059664368629456,0.07976268231868744,0.7831150889396667,-1.1272506713867188,0.9739560484886169,-1.145907998085022,-0.05318151041865349]},{"cost":-0.739120602607727,"gradient_norm":1.1736910343170166,"step_norm":0.030120301991701126,"shots_per_hamiltonian":1024,"samples":9,"params":[1.0201119184494019,-0.06823556125164032,-0.39991295337677,-0.2914723753929138,-0.9013742208480835,-0.947820246219635,-0.1759318858385086,-1.6327153444290161,0.33603498339653015,-0.1632380187511444,1.1415281295776367,0.23709265887737274,-1.1726692914962769,-1.0251754522323608,-0.8158461451530457,0.06965480744838715,0.7849152088165283,-1.1310094594955444,0.9706923365592957,-1.1431879997253418,-0.06066760793328285]},{"cost":-0.7536855340003967,"gradient_norm":1.0700970888137817,"step_norm":0.02865050919353962,"shots_per_hamiltonian":1024,