{"run":{"seed":{"seed":1},"shots":1024,"steps":200,"resampling":{"resample":true,"epsilon":0.1,"hamiltonians":2,"split_shots":false},"optimizer":{"alpha":0.01,"beta_1":0.9,"beta_2":0.999,"epsilon":1e-8},"problem":{"redundancy_matrix":[[1.4919407,-1.54747139],[-0.81812471,1.14588248]],"response_vector":[0.763265,0.3836877],"k_real":2,"k_fake":2,"k_redundant":2,"samples":1024,"betas":0.5,"gamma":0.5,"alpha":0.5}},"run_number":1,"log_file":"data/feature_selection/adam/multiple/1.json","steps":200,"iterations":[{"cost":-0.19901148974895477,"gradient_norm":1.9259669780731201,"step_norm":0.04582574963569641,"shots_per_hamiltonian":1024,"samples":4,"params":[1.046082615852356,-0.15668287873268127,-0.2978626787662506,-0.4132174849510193,-0.8215942978858948,-0.8440930247306824,-0.08356504142284393,-1.5235035419464111,0.4123021066188812,-0.04933629930019379,1.2401082515716553,0.32512712478637695,-1.2085968255996704,-0.9133322834968567,-0.7120485305786133,0.17902259528636932,0.7012040615081787,-1.0430147647857666,1.0546075105667114,-1.0807273387908936,0.0539654865860939]},{"cost":-0.26623719930648804,"gradient_norm":1.9206870794296265,"step_norm":0.04136229678988457,"shots_per_hamiltonian":1024,"samples":4,"params":[1.0371544361114502,-0.1506660133600235,-0.30784544348716736,-0.40325239300727844,-0.8316070437431335,-0.8541060090065002,-0.09349928051233292,-1.5335084199905396,0.4037320613861084,-0.05920761451125145,1.2301232814788818,0.31579723954200745,-1.2025394439697266,-0.9232807755470276,-0.7220202684402466,0.17417144775390625,0.7111266255378723,-1.0527949333190918,1.0446223020553589,-1.0898852348327637,0.05231736972928047]},{"cost":-0.3630613088607788,"gradient_norm":1.9369103908538818,"step_norm":0.041980624198913574,"shots_per_hamiltonian":1024,"samples":4,"params":[1.028215765953064,-0.1430225819349289,-0.3178522288799286,-0.3932684361934662,-0.8414591550827026,-0.8639572262763977,-0.1018967255949974,-1.5434287786483765,0.3945331871509552,-0.06914068013429642,1.2201160192489624,0.30623337626457214,-1.1950585842132568,-0.9332054853439331,-0.7320216298103333,0.16676557064056396,0.7209020853042603,-1.0613540410995483,1.0347434282302856,-1.0991771221160889,0.047396741807460785]},{"cost":-0.384254515171051,"gradient_norm":1.8793748617172241,"step_norm":0.04146130383014679,"shots_per_hamiltonian":1024,"samples":4,"params":[1.0191113948822021,-0.13451848924160004,-0.3278999328613281,-0.38323676586151123,-0.8513999581336975,-0.8738758563995361,-0.11088719218969345,-1.5532444715499878,0.3862778842449188,-0.0789894312620163,1.2102888822555542,0.29709964990615845,-1.1912442445755005,-0.9431981444358826,-0.7406667470932007,0.15847700834274292,0.7304180860519409,-1.0699717998504639,1.0252619981765747,-1.1081323623657227,0.04032817482948303]},{"cost":-0.4452747404575348,"gradient_norm":1.8076746463775635,"step_norm":0.04096846655011177,"shots_per_hamiltonian":1024,"samples":5,"params":[1.0105093717575073,-0.12549759447574615,-0.33797338604927063,-0.3731621205806732,-0.8612630367279053,-0.8837922215461731,-0.11996601521968842,-1.563136339187622,0.37828460335731506,-0.08883237093687057,1.2012003660202026,0.28818631172180176,-1.1919286251068115,-0.9530980587005615,-0.7497372627258301,0.14959904551506042,0.7394780516624451,-1.0782828330993652,1.0163356065750122,-1.1164195537567139,0.03243691474199295]},{"cost":-0.48244747519493103,"gradient_norm":1.7456039190292358,"step_norm":0.03986941650509834,"shots_per_hamiltonian":1024,"samples":6,"params":[1.0029653310775757,-0.11616075783967972,-0.34779635071754456,-0.3630355894565582,-0.87071293592453,-0.8936187028884888,-0.12835031747817993,-1.5729026794433594,0.3699294626712799,-0.09867827594280243,1.1930686235427856,0.2795660197734833,-1.194271445274353,-0.9629074335098267,-0.7590888142585754,0.14033684134483337,0.7478294968605042,-1.0855770111083984,1.008042335510254,-1.1237467527389526,0.02423025853931904]},{"cost":-0.530149519443512,"gradient_norm":1.6841329336166382,"step_norm":0.038720760494470596,"shots_per_hamiltonian":1024,"samples":6,"params":[0.997629702091217,-0.10659985989332199,-0.35745272040367126,-0.35286110639572144,-0.8795921206474304,-0.9032583236694336,-0.13680289685726166,-1.5826064348220825,0.3611151874065399,-0.1084241047501564,1.1854524612426758,0.2715687155723572,-1.196637511253357,-0.972718358039856,-0.7685313820838928,0.1307949721813202,0.7554531693458557,-1.0918493270874023,1.0007297992706299,-1.1301487684249878,0.015474586747586727]},{"cost":-0.6058487296104431,"gradient_norm":1.692192792892456,"step_norm":0.03734152019023895,"shots_per_hamiltonian":1024,"samples":7,"params":[0.9952298998832703,-0.09682271629571915,-0.3664512038230896,-0.3426470458507538,-0.8878257274627686,-0.9125312566757202,-0.1456858217716217,-1.592125415802002,0.3520734906196594,-0.11816805601119995,1.1786863803863525,0.2650969624519348,-1.2010762691497803,-0.9824628233909607,-0.7782180309295654,0.12103722244501114,0.7619887590408325,-1.0977228879928589,0.9941022992134094,-1.1349223852157593,0.006962488405406475]},{"cost":-0.6540023684501648,"gradient_norm":1.5704474449157715,"step_norm":0.03551170974969864,"shots_per_hamiltonian":1024,"samples":7,"params":[0.9951876401901245,-0.08688081800937653,-0.37466689944267273,-0.3324124813079834,-0.8948651552200317,-0.9212350249290466,-0.15481014549732208,-1.601423978805542,0.3435394763946533,-0.12776711583137512,1.1732957363128662,0.2597757875919342,-1.2066318988800049,-0.9919077157974243,-0.7879878878593445,0.11111147701740265,0.7675365209579468,-1.10200035572052,0.9886293411254883,-1.1375086307525635,-0.0015736930072307587]},{"cost":-0.6828131675720215,"gradient_norm":1.4800876379013062,"step_norm":0.034011732786893845,"shots_per_hamiltonian":1024,"samples":8,"params":[0.9974303841590881,-0.0768098309636116,-0.3815478980541229,-0.3222273588180542,-0.9005874395370483,-0.9293233156204224,-0.16397430002689362,-1.6104388236999512,0.3354490399360657,-0.13732072710990906,1.1693748235702515,0.25639188289642334,-1.2132835388183594,-1.0010629892349243,-0.7979623079299927,0.10107006877660751,0.7718170285224915,-1.1056880950927734,0.9838153123855591,-1.137352705001831,-0.009867548942565918]},{"cost":-0.6777346134185791,"gradient_norm":1.3757013082504272,"step_norm":0.03261178731918335,"shots_per_hamiltonian":1024,"samples":8,"params":[1.0007474422454834,-0.06669922173023224,-0.38771700859069824,-0.31211942434310913,-0.9052415490150452,-0.9366858005523682,-0.1732952892780304,-1.6188853979110718,0.3285348117351532,-0.1468726247549057,1.1668339967727661,0.2559189796447754,-1.2199656963348389,-1.010331630706787,-0.80793297290802,0.09088606387376785,0.7748607397079468,-1.1085834503173828,0.9797486066818237,-1.1356226205825806,-0.01757405512034893]},{"cost":-0.7244173288345337,"gradient_norm":1.2464463710784912,"step_norm":0.031206512823700905,"shots_per_hamiltonian":1024,"samples":8,"params":[1.0050005912780762,-0.05661208555102348,-0.3931899070739746,-0.302162766456604,-0.9082829356193542,-0.9429770112037659,-0.18288901448249817,-1.626306414604187,0.3226577639579773,-0.15622812509536743,1.1659760475158691,0.25748011469841003,-1.226171851158142,-1.0195109844207764,-0.8179446458816528,0.08056128025054932,0.7766552567481995,-1.1101380586624146,0.9764037728309631,-1.1323145627975464,-0.024382833391427994]},{"cost":-0.7293135523796082,"gradient_norm":1.056156039237976,"step_norm":0.030495136976242065,"shots_per_hamiltonian":1024,"samples":9,"params":[1.0096851587295532,-0.046610619872808456,-0.39822468161582947,-0.2925979495048523,-0.9099740386009216,-0.9479669332504272,-0.1922367364168167,-1.6327571868896484,0.3184806704521179,-0.16547253727912903,1.1667180061340332,0.2608232796192169,-1.2322545051574707,-1.0287176370620728,-0.8281188011169434,0.07009383291006088,0.7772485613822937,-1.110276460647583,0.9733560681343079,-1.1276506185531616,-0.03169754147529602]},{"cost":-0.7512776255607605,"gradient_norm":0.9957762956619263,"step_norm":0.02975413389503956,"shots_per_hamiltonian":1024,"samples":9,