{"run":{"seed":{"seed":1},"shots":1024,"steps":200,"resampling":{"resample":true,"epsilon":0.1,"hamiltonians":10,"split_shots":false},"optimizer":{"alpha":0.01,"beta_1":0.9,"beta_2":0.999,"epsilon":1e-8},"problem":{"redundancy_matrix":[[1.4919407,-1.54747139],[-0.81812471,1.14588248]],"response_vector":[0.763265,0.3836877],"k_real":2,"k_fake":2,"k_redundant":2,"samples":1024,"betas":0.5,"gamma":0.5,"alpha":0.5}},"run_number":1,"log_file":"data/feature_selection/adam/multiple/1.json","steps":200,"iterations":[{"cost":-0.21652661263942719,"gradient_norm":1.8305264711380005,"step_norm":0.04582574963569641,"shots_per_hamiltonian":1024,"samples":17,"params":[1.046082615852356,-0.15668289363384247,-0.2978626787662506,-0.4132174849510193,-0.8215942978858948,-0.8440930247306824,-0.08356504142284393,-1.5235035419464111,0.4123021066188812,-0.04933629930019379,1.2401082515716553,0.32512712478637695,-1.2085968255996704,-0.9133322834968567,-0.7120485305786133,0.15902259945869446,0.7012040615081787,-1.0430147647857666,1.0546075105667114,-1.0807273387908936,0.033965494483709335]}]}