{"run":{"seed":{"seed":2},"shots":1024,"steps":200,"resampling":{"resample":true,"epsilon":0.1,"hamiltonians":2,"split_shots":false},"optimizer":{"alpha":0.01,"beta_1":0.9,"beta_2":0.999,"epsilon":1e-8},"problem":{"redundancy_matrix":[[1.4919407,-1.54747139],[-0.81812471,1.14588248]],"response_vector":[0.763265,0.3836877],"k_real":2,"k_fake":2,"k_redundant":2,"samples":1024,"betas":0.5,"gamma":0.5,"alpha":0.5}},"run_number":2,"log_file":"data/feature_selection/adam/multiple/2.json","steps":200,"iterations":[{"cost":-0.22556376457214355,"gradient_norm":2.108034372329712,"step_norm":0.04582575708627701,"shots_per_hamiltonian":1024,"samples":4,"params":[1.046082615852356,-0.15668287873268127,-0.2978626787662506,-0.4132174849510193,-0.8215942978858948,-0.8440930247306824,-0.08356504142284393,-1.5235035419464111,0.4123021066188812,-0.04933629930019379,1.2401082515716553,0.32512712478637695,-1.2085968255996704,-0.9133322834968567,-0.7120485305786133,0.15902259945869446,0.7012040615081787,-1.0430147647857666,1.0546075105667114,-1.0807273387908936,0.033965494483709335]},{"cost":-0.2717823386192322,"gradient_norm":1.9878950119018555,"step_norm":0.043310102075338364,"shots_per_hamiltonian":1024,"samples":4,"params":[1.036373257637024,-0.14666953682899475,-0.30784955620765686,-0.4032409191131592,-0.8316019773483276,-0.8538922667503357,-0.09357165545225143,-1.5335123538970947,0.4022928476333618,-0.0587969645857811,1.2300987243652344,0.3159058094024658,-1.2087628841400146,-0.9233344793319702,-0.7174245715141296,0.14928479492664337,0.7111403346061707,-1.052821397781372,1.0446441173553467,-1.0906658172607422,0.02427973784506321]},{"cost":-0.36208564043045044,"gradient_norm":2.0690317153930664,"step_norm":0.042406026273965836,"shots_per_hamiltonian":1024,"samples":4,"params":[1.0269180536270142,-0.13732057809829712,-0.31784704327583313,-0.39322879910469055,-0.8416289687156677,-0.8637954592704773,-0.10082540661096573,-1.543539047241211,0.3924276828765869,-0.06850248575210571,1.220194697380066,0.3066050708293915,-1.2074663639068604,-0.933175802230835,-0.7236798405647278,0.13998247683048248,0.7209515571594238,-1.0624890327453613,1.0348249673843384,-1.100176453590393,0.014656450599431992]},{"cost":-0.4139132797718048,"gradient_norm":2.005958080291748,"step_norm":0.04155052453279495,"shots_per_hamiltonian":1024,"samples":4,"params":[1.0172351598739624,-0.1287335902452469,-0.32788869738578796,-0.3831773102283478,-0.8515567183494568,-0.8736564517021179,-0.10906269401311874,-1.5535770654678345,0.38308626413345337,-0.07829420268535614,1.210578441619873,0.2975839376449585,-1.2084828615188599,-0.943064272403717,-0.7300307750701904,0.13052810728549957,0.7303539514541626,-1.0711922645568848,1.0253242254257202,-1.1088498830795288,0.005853206850588322]},{"cost":-0.48934051394462585,"gradient_norm":1.9586238861083984,"step_norm":0.04150264710187912,"shots_per_hamiltonian":1024,"samples":5,"params":[1.0074162483215332,-0.11972065269947052,-0.33790209889411926,-0.37308114767074585,-0.8612310290336609,-0.8835411667823792,-0.11789248138666153,-1.5636173486709595,0.3736419677734375,-0.08804381638765335,1.2009873390197754,0.2894980013370514,-1.2104567289352417,-0.9527945518493652,-0.7373993396759033,0.12085270136594772,0.7392880916595459,-1.0797220468521118,1.0161012411117554,-1.1169400215148926,-0.003166687674820423]},{"cost":-0.5378374457359314,"gradient_norm":1.9659786224365234,"step_norm":0.04043178632855415,"shots_per_hamiltonian":1024,"samples":6,"params":[0.9984851479530334,-0.11057635396718979,-0.3477765619754791,-0.3629377782344818,-0.8707262873649597,-0.8934459090232849,-0.12681971490383148,-1.5736312866210938,0.36409664154052734,-0.0978332906961441,1.1921168565750122,0.2815043032169342,-1.2151867151260376,-0.9626190662384033,-0.7455472946166992,0.11117228120565414,0.7475205063819885,-1.0873771905899048,1.007520318031311,-1.1242378950119019,-0.009564001113176346]},{"cost":-0.5760851502418518,"gradient_norm":1.8668203353881836,"step_norm":0.038974661380052567,"shots_per_hamiltonian":1024,"samples":6,"params":[0.9906086325645447,-0.10117197781801224,-0.3572643995285034,-0.3527423143386841,-0.8798111081123352,-0.9029989242553711,-0.1357228308916092,-1.5835635662078857,0.35452404618263245,-0.10759809613227844,1.1839860677719116,0.275235652923584,-1.2215989828109741,-0.9722989201545715,-0.7536494731903076,0.10145159810781479,0.7548578381538391,-1.094452142715454,0.9997879266738892,-1.1294176578521729,-0.016272904351353645]},{"cost":-0.6339222192764282,"gradient_norm":1.8454030752182007,"step_norm":0.037353869527578354,"shots_per_hamiltonian":1024,"samples":7,"params":[0.985085666179657,-0.09151307493448257,-0.3661247193813324,-0.34249386191368103,-0.888112485408783,-0.9121804237365723,-0.14484259486198425,-1.5932217836380005,0.3451623022556305,-0.11734875291585922,1.177050232887268,0.27026745676994324,-1.2288281917572021,-0.9819344878196716,-0.7619835734367371,0.09171617031097412,0.761130154132843,-1.1010679006576538,0.9927934408187866,-1.1329954862594604,-0.02324642427265644]},{"cost":-0.6615076065063477,"gradient_norm":1.800031065940857,"step_norm":0.03558062016963959,"shots_per_hamiltonian":1024,"samples":7,"params":[0.9826523661613464,-0.08164767175912857,-0.3741280138492584,-0.332218736410141,-0.8951117992401123,-0.9210566282272339,-0.1538202315568924,-1.6026313304901123,0.3360261023044586,-0.12704700231552124,1.1715283393859863,0.26788780093193054,-1.2367095947265625,-0.9912903904914856,-0.770847737789154,0.08178739249706268,0.7659789323806763,-1.1070241928100586,0.986476480960846,-1.1345970630645752,-0.030611734837293625]},{"cost":-0.7270972728729248,"gradient_norm":1.6508437395095825,"step_norm":0.03383773937821388,"shots_per_hamiltonian":1024,"samples":8,"params":[0.9830686450004578,-0.07163827866315842,-0.3806034326553345,-0.3219664394855499,-0.9006707668304443,-0.9293392896652222,-0.16227690875530243,-1.6115494966506958,0.32712382078170776,-0.13662290573120117,1.1674649715423584,0.2673252522945404,-1.2452101707458496,-1.0004996061325073,-0.7799863815307617,0.07170242816209793,0.7694839835166931,-1.111933708190918,0.9807608127593994,-1.1340464353561401,-0.03751160204410553]},{"cost":-0.7042791843414307,"gradient_norm":1.476640224456787,"step_norm":0.03236384689807892,"shots_per_hamiltonian":1024,"samples":8,"params":[0.9854302406311035,-0.061573125422000885,-0.3854730427265167,-0.31185460090637207,-0.9046715497970581,-0.9366874694824219,-0.1699134111404419,-1.6198285818099976,0.3188917636871338,-0.14612974226474762,1.164662480354309,0.26893529295921326,-1.2540507316589355,-1.0096365213394165,-0.7894308567047119,0.06146518141031265,0.7715612053871155,-1.1153799295425415,0.9757875800132751,-1.131608486175537,-0.044338833540678024]},{"cost":-0.7310066223144531,"gradient_norm":1.2061036825180054,"step_norm":0.03140201419591904,"shots_per_hamiltonian":1024,"samples":8,"params":[0.9888841509819031,-0.0516682043671608,-0.3892136216163635,-0.30197587609291077,-0.9074644446372986,-0.9431368112564087,-0.1779325008392334,-1.6271051168441772,0.31162676215171814,-0.15543976426124573,1.1636289358139038,0.2722371816635132,-1.2627793550491333,-1.0186041593551636,-0.7990071773529053,0.05116718262434006,0.7724815011024475,-1.1175616979599,0.971550464630127,-1.1276193857192993,-0.05158843845129013]},{"cost":-0.7719884514808655,"gradient_norm":1.115159511566162,"step_norm":0.029962049797177315,"shots_per_hamiltonian":1024,"samples":9,"params":[0.9931716918945312,-0.04211796820163727,-0.392075777053833,-0.29238247871398926,-0.9090502858161926,-0.9480531811714172,-0.18550841510295868,-1.6333892345428467,0.30622604489326477,-0.16442672908306122,1.164317011833191,0.27720052003860474,-1.2712033987045288,-1.0275250673294067,-0.8085607290267944,0.040786728262901306,0.7723747491836548,-1.1179380416870117,0.9680697917938232,-1.1223971843719482,-0.057927750051021576]},{"cost":-0.7766359448432922,"gradient_norm":1.0104652643203735,"step_norm":0.028917532414197922,"shots_per_hamiltonian":1024,