{"run":{"seed":{"seed":3},"shots":1024,"steps":200,"resampling":{"resample":true,"epsilon":0.1,"hamiltonians":2,"split_shots":false},"optimizer":{"alpha":0.01,"beta_1":0.9,"beta_2":0.999,"epsilon":1e-8},"problem":{"redundancy_matrix":[[1.4919407,-1.54747139],[-0.81812471,1.14588248]],"response_vector":[0.763265,0.3836877],"k_real":2,"k_fake":2,"k_redundant":2,"samples":1024,"betas":0.5,"gamma":0.5,"alpha":0.5}},"run_number":3,"log_file":"data/feature_selection/adam/multiple/3.json","steps":200,"iterations":[{"cost":-0.17233482003211975,"gradient_norm":1.9261342287063599,"step_norm":0.04582574963569641,"shots_per_hamiltonian":1024,"samples":4,"params":[1.0660825967788696,-0.17668288946151733,-0.2978626787662506,-0.4132174849510193,-0.8215942978858948,-0.8440930247306824,-0.06356504559516907,-1.5235035419464111,0.4123021066188812,-0.04933629930019379,1.2401082515716553,0.32512712478637695,-1.2085968255996704,-0.9133322834968567,-0.7120485305786133,0.15902259945869446,0.7012040615081787,-1.0430147647857666,1.0546075105667114,-1.0807273387908936,0.033965494483709335]},{"cost":-0.2990328073501587,"gradient_norm":1.8300203084945679,"step_norm":0.04168056696653366,"shots_per_hamiltonian":1024,"samples":4,"params":[1.0730818510055542,-0.17655761539936066,-0.3078099191188812,-0.40335598587989807,-0.8315812349319458,-0.8541059494018555,-0.06747308373451233,-1.533455491065979,0.4025818407535553,-0.05934986099600792,1.2301307916641235,0.3151228427886963,-1.1987427473068237,-0.9231927394866943,-0.7192668914794922,0.1493295580148697,0.7111566066741943,-1.0530275106430054,1.0446645021438599,-1.090739369392395,0.02728980965912342]},{"cost":-0.33891332149505615,"gradient_norm":1.6789307594299316,"step_norm":0.039863038808107376,"shots_per_hamiltonian":1024,"samples":4,"params":[1.0677757263183594,-0.1707836091518402,-0.3178063929080963,-0.3934268057346344,-0.8414857983589172,-0.8638494610786438,-0.07231299579143524,-1.542897343635559,0.39274561405181885,-0.06901127845048904,1.220205307006836,0.30517369508743286,-1.1888301372528076,-0.9328932166099548,-0.7191923260688782,0.14186632633209229,0.7210479378700256,-1.062792420387268,1.0348691940307617,-1.1006040573120117,0.0284438356757164]},{"cost":-0.3800581097602844,"gradient_norm":1.716691255569458,"step_norm":0.04050365835428238,"shots_per_hamiltonian":1024,"samples":4,"params":[1.0606577396392822,-0.16331666707992554,-0.3278360068798065,-0.383433997631073,-0.8513035774230957,-0.8735864758491516,-0.07570047676563263,-1.552329182624817,0.38353246450424194,-0.07881146669387817,1.210211992263794,0.2951754331588745,-1.1794530153274536,-0.9427056908607483,-0.7151196002960205,0.1334356665611267,0.7307637929916382,-1.0723717212677002,1.0255059003829956,-1.1103023290634155,0.023804644122719765]},{"cost":-0.4449218809604645,"gradient_norm":1.639068841934204,"step_norm":0.04067729040980339,"shots_per_hamiltonian":1024,"samples":5,"params":[1.0525370836257935,-0.15508230030536652,-0.3379155695438385,-0.37339067459106445,-0.8608348965644836,-0.8830890655517578,-0.0812019482254982,-1.5619237422943115,0.3744508922100067,-0.08850861340761185,1.2002424001693726,0.28514647483825684,-1.1698485612869263,-0.9524317979812622,-0.7163459658622742,0.12447591125965118,0.740161657333374,-1.081695318222046,1.0164176225662231,-1.1193119287490845,0.018251650035381317]},{"cost":-0.4845825433731079,"gradient_norm":1.5537086725234985,"step_norm":0.040250133723020554,"shots_per_hamiltonian":1024,"samples":6,"params":[1.0439276695251465,-0.146286278963089,-0.3480510711669922,-0.363313764333725,-0.8696147799491882,-0.8924214839935303,-0.08567001670598984,-1.571475863456726,0.3651542365550995,-0.09820873290300369,1.1902694702148438,0.2753283381462097,-1.160645842552185,-0.9621970057487488,-0.7208012938499451,0.11523991078138351,0.7491486668586731,-1.090303897857666,1.0078362226486206,-1.1271308660507202,0.012111973948776722]},{"cost":-0.5316938161849976,"gradient_norm":1.4981298446655273,"step_norm":0.03918059915304184,"shots_per_hamiltonian":1024,"samples":6,"params":[1.0352634191513062,-0.13710354268550873,-0.35795116424560547,-0.35317984223365784,-0.8773140907287598,-0.9014612436294556,-0.09073270857334137,-1.5810424089431763,0.35570818185806274,-0.10786766558885574,1.180387020111084,0.2659216523170471,-1.1538188457489014,-0.9718677997589111,-0.7257988452911377,0.1059100478887558,0.7574905157089233,-1.0983786582946777,0.9996291399002075,-1.1335545778274536,0.004856719635426998]},{"cost":-0.5901600122451782,"gradient_norm":1.4817312955856323,"step_norm":0.038256801664829254,"shots_per_hamiltonian":1024,"samples":7,"params":[1.0268855094909668,-0.12761227786540985,-0.36783692240715027,-0.34298446774482727,-0.8843833208084106,-0.9101579189300537,-0.09694001078605652,-1.5904366970062256,0.3469555377960205,-0.11730927228927612,1.1710845232009888,0.25696271657943726,-1.1470463275909424,-0.9816073775291443,-0.7322561144828796,0.09635965526103973,0.765015721321106,-1.1052592992782593,0.9928919672966003,-1.138870358467102,-0.0032330024987459183]},{"cost":-0.6061761379241943,"gradient_norm":1.5651155710220337,"step_norm":0.03692514821887016,"shots_per_hamiltonian":1024,"samples":7,"params":[1.0198137760162354,-0.11787161231040955,-0.37693530321121216,-0.33271464705467224,-0.8896307349205017,-0.918189287185669,-0.10427578538656235,-1.5995841026306152,0.337985634803772,-0.12672381103038788,1.1623421907424927,0.24845603108406067,-1.1402636766433716,-0.9913612604141235,-0.7391335368156433,0.08659397065639496,0.7717002630233765,-1.1109198331832886,0.9867796301841736,-1.1426546573638916,-0.011641230434179306]},{"cost":-0.6664869785308838,"gradient_norm":1.458616018295288,"step_norm":0.034789517521858215,"shots_per_hamiltonian":1024,"samples":8,"params":[1.0152491331100464,-0.10795728117227554,-0.3851303160190582,-0.3224066197872162,-0.8932076096534729,-0.9257358908653259,-0.11235272884368896,-1.608310580253601,0.3299795389175415,-0.13607197999954224,1.1543269157409668,0.24075275659561157,-1.1369171142578125,-1.0010334253311157,-0.7469402551651001,0.07664074748754501,0.7772551774978638,-1.1162383556365967,0.9814693927764893,-1.1448256969451904,-0.02028670907020569]},{"cost":-0.6701688170433044,"gradient_norm":1.4548795223236084,"step_norm":0.03286850079894066,"shots_per_hamiltonian":1024,"samples":8,"params":[1.0134761333465576,-0.09788352251052856,-0.3920506238937378,-0.3120840787887573,-0.8949555158615112,-0.932424783706665,-0.12081829458475113,-1.6162338256835938,0.32260555028915405,-0.14516836404800415,1.147243857383728,0.23411825299263,-1.1342318058013916,-1.0105401277542114,-0.755415678024292,0.06658712774515152,0.7816948890686035,-1.1217230558395386,0.9769750833511353,-1.1449955701828003,-0.02848459593951702]},{"cost":-0.6710076332092285,"gradient_norm":1.3509416580200195,"step_norm":0.031474485993385315,"shots_per_hamiltonian":1024,"samples":8,"params":[1.0139436721801758,-0.08775412291288376,-0.3980470895767212,-0.30182981491088867,-0.894750714302063,-0.9381442070007324,-0.12964554131031036,-1.6231498718261719,0.31552499532699585,-0.15407618880271912,1.141489028930664,0.2287149429321289,-1.133156418800354,-1.0199185609817505,-0.7643097639083862,0.05638721585273743,0.7849280834197998,-1.126609206199646,0.9729974269866943,-1.1433088779449463,-0.03692025691270828]},{"cost":-0.7204414010047913,"gradient_norm":1.222835659980774,"step_norm":0.030106371268630028,"shots_per_hamiltonian":1024,"samples":9,"params":[1.0162854194641113,-0.07769392430782318,-0.4030598998069763,-0.2917318046092987,-0.8931571245193481,-0.942505955696106,-0.13829229772090912,-1.6287542581558228,0.3096758723258972,-0.1628682166337967,1.13676917552948,0.2247902750968933,-1.1331335306167603,-1.0291639566421509,-0.7736414074897766,0.04607601463794708,0.7870279550552368,-1.131183385848999,0.9698211550712585,-1.1403825283050537,-0.04545319825410843]},{"cost":-0.7264006733894348,"gradient_norm":1.1089189052581787,"step_norm":0.02855149284005165,"shots_per_hamiltonian":1024,"samples":9,