{"run":{"seed":{"seed":4},"shots":1024,"steps":50,"resampling":{"resample":true,"epsilon":0.1,"hamiltonians":10,"split_shots":false},"optimizer":{"alpha":0.01,"beta_1":0.9,"beta_2":0.999,"epsilon":1e-8},"problem":{"redundancy_matrix":[[1.4919407,-1.54747139],[-0.81812471,1.14588248]],"response_vector":[0.763265,0.3836877],"k_real":2,"k_fake":2,"k_redundant":2,"samples":1024,"betas":0.5,"gamma":0.5,"alpha":0.5}},"run_number":4,"log_file":"data/feature_selection/adam/multiple/4.json","steps":50,"iterations":[{"cost":-0.18012231588363647,"gradient_norm":1.908309817314148,"step_norm":0.04582574963569641,"shots_per_hamiltonian":1024,"samples":17,"params":[1.046082615852356,-0.15668287873268127,-0.2978626787662506,-0.4132174849510193,-0.8215942978858948,-0.8440930247306824,-0.08356504142284393,-1.5235035419464111,0.4123021066188812,-0.04933629930019379,1.2401082515716553,0.32512712478637695,-1.2085968255996704,-0.9133322834968567,-0.7120485305786133,0.15902261435985565,0.7012040615081787,-1.0430147647857666,1.0546075105667114,-1.0807273387908936,0.033965498208999634]},{"cost":-0.2827373743057251,"gradient_norm":1.9194800853729248,"step_norm":0.04499522224068642,"shots_per_hamiltonian":1024,"samples":17,"params":[1.0364725589752197,-0.1472923457622528,-0.3078603148460388,-0.40320640802383423,-0.8316022753715515,-0.8540887832641602,-0.0935165211558342,-1.5335171222686768,0.4023219048976898,-0.05933396890759468,1.2301702499389648,0.31516551971435547,-1.1993919610977173,-0.9232895970344543,-0.7214459776878357,0.14939014613628387,0.7111307978630066,-1.052695393562317,1.0447020530700684,-1.0906909704208374,0.024357862770557404]}]}