{"run":{"seed":{"seed":4},"shots":1024,"steps":200,"resampling":{"resample":true,"epsilon":0.1,"hamiltonians":2,"split_shots":false},"optimizer":{"alpha":0.01,"beta_1":0.9,"beta_2":0.999,"epsilon":1e-8},"problem":{"redundancy_matrix":[[1.4919407,-1.54747139],[-0.81812471,1.14588248]],"response_vector":[0.763265,0.3836877],"k_real":2,"k_fake":2,"k_redundant":2,"samples":1024,"betas":0.5,"gamma":0.5,"alpha":0.5}},"run_number":4,"log_file":"data/feature_selection/adam/multiple/4.json","steps":200,"iterations":[{"cost":-0.17616277933120728,"gradient_norm":1.8305644989013672,"step_norm":0.04582572355866432,"shots_per_hamiltonian":1024,"samples":4,"params":[1.046082615852356,-0.17668287456035614,-0.2978626787662506,-0.4132174849510193,-0.8215942978858948,-0.8440930247306824,-0.08356492221355438,-1.5235035419464111,0.4123021066188812,-0.04933629930019379,1.2401082515716553,0.32512712478637695,-1.2085968255996704,-0.9133322834968567,-0.7120485305786133,0.15902259945869446,0.7012040615081787,-1.0430147647857666,1.0546075105667114,-1.0807273387908936,0.03396549075841904]},{"cost":-0.24996070563793182,"gradient_norm":1.915812373161316,"step_norm":0.043213050812482834,"shots_per_hamiltonian":1024,"samples":4,"params":[1.0361018180847168,-0.16953513026237488,-0.30780524015426636,-0.4032060503959656,-0.8315955996513367,-0.8540791869163513,-0.07627774029970169,-1.533512830734253,0.4027799963951111,-0.059349432587623596,1.2300946712493896,0.31512415409088135,-1.19985830783844,-0.9233429431915283,-0.7217989563941956,0.14972664415836334,0.7111740708351135,-1.0530282258987427,1.0450470447540283,-1.086984634399414,0.024746432900428772]},{"cost":-0.3226412534713745,"gradient_norm":1.9249757528305054,"step_norm":0.04151907190680504,"shots_per_hamiltonian":1024,"samples":4,"params":[1.0267975330352783,-0.16145654022693634,-0.31777119636535645,-0.39317604899406433,-0.8414782881736755,-0.8640967607498169,-0.06810707598924637,-1.5435388088226318,0.3930389881134033,-0.06936409324407578,1.220058560371399,0.30510252714157104,-1.193184733390808,-0.9330855011940002,-0.7304216027259827,0.14366602897644043,0.7209934592247009,-1.0628151893615723,1.0357722043991089,-1.0924831628799438,0.017573947086930275]},{"cost":-0.3676472306251526,"gradient_norm":1.8446776866912842,"step_norm":0.040358781814575195,"shots_per_hamiltonian":1024,"samples":4,"params":[1.0173057317733765,-0.15275970101356506,-0.327787309885025,-0.38311654329299927,-0.8512601852416992,-0.874078094959259,-0.06836257129907608,-1.5535643100738525,0.38351407647132874,-0.07940292358398438,1.2102047204971313,0.2952643930912018,-1.1877273321151733,-0.9425932168960571,-0.7382364273071289,0.13602887094020844,0.730559766292572,-1.0725200176239014,1.0266945362091064,-1.0985188484191895,0.011557045392692089]},{"cost":-0.41608405113220215,"gradient_norm":1.7509682178497314,"step_norm":0.039562128484249115,"shots_per_hamiltonian":1024,"samples":5,"params":[1.00926673412323,-0.14361579716205597,-0.33782899379730225,-0.3730156719684601,-0.8608318567276001,-0.8839749097824097,-0.06853502988815308,-1.5634469985961914,0.37379559874534607,-0.08943162858486176,1.200723648071289,0.2856982350349426,-1.1866388320922852,-0.9520951509475708,-0.7467383742332458,0.12761692702770233,0.7395763993263245,-1.0819581747055054,1.0183420181274414,-1.1031051874160767,0.0041623543947935104]},{"cost":-0.49669522047042847,"gradient_norm":1.8062732219696045,"step_norm":0.03857957944273949,"shots_per_hamiltonian":1024,"samples":6,"params":[1.0030672550201416,-0.13422445952892303,-0.3479037284851074,-0.36286860704421997,-0.8697303533554077,-0.8938822150230408,-0.06759315729141235,-1.5732667446136475,0.3639569580554962,-0.09933154284954071,1.1915743350982666,0.2760465741157532,-1.1871604919433594,-0.9613432884216309,-0.7556986808776855,0.11889150738716125,0.7479057312011719,-1.091016173362732,1.0111534595489502,-1.1071761846542358,-0.0028430097736418247]},{"cost":-0.5389182567596436,"gradient_norm":1.8135288953781128,"step_norm":0.03764829784631729,"shots_per_hamiltonian":1024,"samples":6,"params":[0.9977373480796814,-0.12458863109350204,-0.3579760193824768,-0.35266542434692383,-0.8778732419013977,-0.903546929359436,-0.07178374379873276,-1.5828944444656372,0.3550606071949005,-0.10900875926017761,1.182877540588379,0.26717454195022583,-1.1898893117904663,-0.970700740814209,-0.7648345232009888,0.1097450703382492,0.7553687691688538,-1.0995469093322754,1.0049934387207031,-1.1097017526626587,-0.010494873858988285]},{"cost":-0.5661134123802185,"gradient_norm":1.6198909282684326,"step_norm":0.0364726223051548,"shots_per_hamiltonian":1024,"samples":7,"params":[0.9967012405395508,-0.11475665867328644,-0.3672654330730438,-0.3424473702907562,-0.8850483298301697,-0.9128162860870361,-0.07692869752645493,-1.5923664569854736,0.3458946943283081,-0.11857035756111145,1.1749953031539917,0.25930720567703247,-1.193992257118225,-0.9800971746444702,-0.7742705345153809,0.10040725767612457,0.7618045210838318,-1.107494831085205,0.9993345141410828,-1.1107920408248901,-0.0188370943069458]},{"cost":-0.6022526025772095,"gradient_norm":1.632296085357666,"step_norm":0.03547605127096176,"shots_per_hamiltonian":1024,"samples":7,"params":[0.9987227916717529,-0.10475993156433105,-0.3756615221500397,-0.33221814036369324,-0.8909327387809753,-0.9215620160102844,-0.08327692002058029,-1.601442575454712,0.33643093705177307,-0.128017395734787,1.1678214073181152,0.25265246629714966,-1.199357509613037,-0.9893878698348999,-0.7838845252990723,0.09084580093622208,0.7669978141784668,-1.1146522760391235,0.9947424530982971,-1.109344244003296,-0.02724606543779373]},{"cost":-0.6575111150741577,"gradient_norm":1.5119622945785522,"step_norm":0.03469321131706238,"shots_per_hamiltonian":1024,"samples":8,"params":[1.0021172761917114,-0.09464263916015625,-0.3831324875354767,-0.32203489542007446,-0.8954070210456848,-0.929757297039032,-0.09028307348489761,-1.6101285219192505,0.326801598072052,-0.1374051868915558,1.161329746246338,0.24730844795703888,-1.2058554887771606,-0.998493492603302,-0.7936820983886719,0.08103328943252563,0.7707938551902771,-1.1208847761154175,0.9908555150032043,-1.106125831604004,-0.03566142916679382]},{"cost":-0.6783512234687805,"gradient_norm":1.300281047821045,"step_norm":0.033558446913957596,"shots_per_hamiltonian":1024,"samples":8,"params":[1.0070009231567383,-0.08449706435203552,-0.3894631266593933,-0.3120005130767822,-0.8984886407852173,-0.9370872974395752,-0.09781079739332199,-1.6181062459945679,0.3183494210243225,-0.14676083624362946,1.1560155153274536,0.24342598021030426,-1.212990641593933,-1.0075756311416626,-0.803697407245636,0.07119760662317276,0.7733268141746521,-1.1264522075653076,0.9878393411636353,-1.1012208461761475,-0.044134318828582764]},{"cost":-0.6704339385032654,"gradient_norm":1.2705708742141724,"step_norm":0.032008323818445206,"shots_per_hamiltonian":1024,"samples":8,"params":[1.01270592212677,-0.07437785714864731,-0.3952154517173767,-0.30214130878448486,-0.8997341394424438,-0.9434207677841187,-0.10587569326162338,-1.6248130798339844,0.3121112883090973,-0.15597301721572876,1.15238356590271,0.2414267510175705,-1.2200363874435425,-1.016585350036621,-0.8138287663459778,0.061286114156246185,0.7745496034622192,-1.1306289434432983,0.9855679273605347,-1.0950478315353394,-0.05266280844807625]},{"cost":-0.700090229511261,"gradient_norm":1.1130914688110352,"step_norm":0.03069847822189331,"shots_per_hamiltonian":1024,"samples":9,"params":[1.0184804201126099,-0.06439194083213806,-0.4004592001438141,-0.2925480008125305,-0.9000049829483032,-0.9480223655700684,-0.1142641082406044,-1.6303973197937012,0.30748969316482544,-0.16515308618545532,1.1502668857574463,0.24102677404880524,-1.2268866300582886,-1.0254545211791992,-0.8241448998451233,0.05120482295751572,0.7747488021850586,-1.1338948011398315,0.9839665293693542,-1.0879573822021484,-0.06037946045398712]},{"cost":-0.7415582537651062,"gradient_norm":1.05088472366333,"step_norm":0.02984984964132309,"shots_per_hamiltonian":1024,"samples":9,